country,region,year,co2_emissions_mt,gdp_per_capita_usd,renewable_energy_pct,fossil_fuel_pct,solar_energy_pct,wind_energy_pct,hydro_energy_pct,nuclear_energy_pct,aqi_index,temp_anomaly_c,industrial_waste_mt,health_cost_pct_gdp,population_millions
Argentina,South America,2000,143.35,14416.111343031085,2.8760090513460455,97.12399094865395,0.005030370595140522,0.0072375526809349425,0.008690760100734003,2.8550503679692363,140.68435409723307,0.0061656953766942,1.139166030883789,3.0306801268421295,37.21
Argentina,South America,2001,135.0,13684.2460987385,2.8552221176429384,97.14477788235706,0.008284223148085254,0.0029956243329985572,0.006324704348693172,2.8376175658131615,125.44810022169587,0.006241955794394,1.130917739868164,2.3826395168581227,37.62
Argentina,South America,2002,124.93,12110.609356195853,2.591595933151112,97.40840406684889,0.006385660978530491,0.002706266545489929,0.008367969600637227,2.574136036026454,128.3188357783285,0.0063501927070319,1.1658631134033204,2.763311556089431,38.03
Argentina,South America,2003,134.42,13093.390906344302,2.6165249541570006,97.383475045843,0.005749334679995702,0.004309993381806981,0.007675974934324809,2.5987896511608732,127.52083098862857,0.0064810961484909,1.2398936462402343,3.384729629159823,38.42
Argentina,South America,2004,157.24,14177.337495947217,2.529562631622511,97.47043736837749,0.0033188804770219837,0.005001669740911404,0.010197582465367047,2.511044498939211,134.30392358188914,0.0066346116364002,1.2518741607666015,2.617559939414159,38.82
Argentina,South America,2005,161.73,15326.35586562346,2.654579574607169,97.34542042539283,0.003482779309477421,0.006744795165484007,0.010133426816168257,2.6342185733160393,135.47668645726196,0.0067941402085125,1.2306153869628906,2.785619098317789,39.22
Argentina,South America,2006,174.34,16462.94871530451,2.636078631815849,97.36392136818415,0.0029423045696063887,0.006238519314797792,0.00815545047221853,2.6187423574592263,137.60933110330438,0.0069570122286677,1.254551773071289,2.480332172554453,39.62
Argentina,South America,2007,173.76,17860.643216429755,2.8056316118080957,97.1943683881919,0.007665973963768607,0.005307709069410873,0.007445241938202425,2.7852126868367137,150.82698919334683,0.007078337483108,1.2257025146484377,2.9676071758741642,40.02
Argentina,South America,2008,187.6,18482.946432517532,2.5813756719497007,97.4186243280503,0.005684783006665056,0.0039940421110220845,0.01281422736203549,2.558882619469978,134.01171022200057,0.0071869567036628,1.2000199127197266,2.7822688510467004,40.42
Argentina,South America,2009,178.38,17278.76003425984,2.635454821812445,97.36454517818756,0.006367641400503957,0.007891207965588372,0.008860411928700795,2.612335560517652,145.0262763343196,0.0073619498871266,1.1428247833251952,2.878873123430155,40.85
Argentina,South America,2010,186.12,19031.485232979274,2.6680475513920925,97.33195244860791,0.002777888370597213,0.004942191511151655,0.01084514027116336,2.6494823312391804,156.1075771879966,0.0075127137824893,1.0547767639160157,2.6918126390952892,41.29
Argentina,South America,2011,189.88,20074.994600587986,2.9314222716623703,97.06857772833763,0.008617852955927225,0.0055778342241812,0.007098904841847078,2.9101276796404147,138.92468915643263,0.0076636993326246,1.0444051361083984,2.7847035579005577,41.73
Argentina,South America,2012,191.71,19665.88292127944,2.954435849348542,97.04556415065146,0.007873232610362817,0.003921268015620668,0.010212802548941432,2.9324285461736164,136.83425749971508,0.0077912961132824,1.075315399169922,3.1280069016107324,42.16
Argentina,South America,2013,189.52,19939.865807824644,3.091620490391051,96.90837950960895,0.004404564381359795,0.008006119464138544,0.0064386402429418964,3.0727711663026107,140.8276432689706,0.0079052625223994,1.092967300415039,2.887833021657888,42.58
Argentina,South America,2014,188.54,19239.24833126554,3.1117714673654433,96.88822853263456,0.0042433669573848695,0.007428932582576222,0.010942125376573608,3.089157042448909,154.365268991746,0.00803938601166,1.1042225646972657,3.2584404605894886,43.02
Argentina,South America,2015,191.81,19558.765004245575,3.0517183608038607,96.94828163919614,0.004171116181151774,0.004399171722513899,0.01492916558591459,3.0282189073142805,144.7935363071698,0.0081574516370892,1.099660415649414,2.7455929899109286,43.48
Argentina,South America,2016,190.02,18967.27472563293,2.6175255755898093,97.38247442441019,0.004210249279832607,0.0030487945632764074,0.008252063843840496,2.6020144679028596,137.22147254926273,0.0082741593942046,1.1182038116455078,2.920513632615317,43.9
Argentina,South America,2017,187.07,19330.852478560202,2.933420915081939,97.06657908491806,0.006012083898829484,0.00692580268589119,0.00621001698684001,2.914273011510378,146.28253423538126,0.0083797704428434,1.1588998413085938,2.924300899231058,44.29
Argentina,South America,2018,182.48,18670.681862491343,3.2295097069745964,96.7704902930254,0.006019450968142668,0.0074570103466639085,0.006758935495732481,3.2092743101640573,129.08570477536273,0.0084906537085771,1.1538678741455077,2.2800980574996346,44.65
Argentina,South America,2019,180.43,18167.465059611033,3.3635468110848024,96.6364531889152,0.005322672502700988,0.005201789232351539,0.010642128509656859,3.342380220840093,146.2177092852003,0.0086122285574674,1.1565325927734376,2.9350396500028673,44.97
Argentina,South America,2020,164.61,16281.97251148213,3.4190696398675584,96.58093036013244,0.007603004952688297,0.009921207114560947,0.008479548485384243,3.393065879314925,140.49099604554357,0.0087177762761712,1.1512625122070312,2.450346937696604,45.19
Argentina,South America,2021,190.2,17927.240654222624,3.7712478758091095,96.22875212419089,0.0048233797271539595,0.004910601382814955,0.007806695382638302,3.7537071993165028,137.48467467839356,0.0088422605767846,1.1274696350097657,2.5098907123888594,45.31
Argentina,South America,2022,183.77,18827.43506335373,4.053879453683834,95.94612054631617,0.006422517830085047,0.007559145787802019,0.01730455540393353,4.022593234662013,130.74745370526617,0.0089622624218463,1.1533333587646484,2.648757751471971,45.41
Argentina,South America,2023,178.41,,3.9744908327268718,96.02550916727313,0.0068866944079902645,0.011475276481369378,0.013416168151639993,3.942712693685872,129.29540833742436,0.0090798689052462,1.1460221862792968,2.657899815412827,45.54
Australia,Oceania,2000,349.9,36171.97568719818,4.233513899066807,95.7664861009332,0.008095071133326808,0.007787356759116322,0.01214059308526954,4.205490878089095,258.266614319401,0.0097079910337924,1.8512687683105469,4.275496089587278,19.13
Australia,Oceania,2001,357.67,36864.13249770029,4.209788253607613,95.79021174639239,0.010820637332182359,0.009585906321807487,0.019787055340612824,4.16959465461301,266.67707085755137,0.0099038267508149,1.9729893493652344,5.083028865075685,19.37
Australia,Oceania,2002,362.42,38124.62988358058,4.196287830689613,95.80371216931039,0.0058720651550474,0.007533128898132886,0.009854633177454459,4.173028003458978,248.23350005324633,0.0100894328206777,1.9063102722167968,4.643337884342083,19.6
Australia,Oceania,2003,370.78,39075.30382216983,3.920259930481535,96.07974006951846,0.007952125258054648,0.00607024967067429,0.01908287070680218,3.887154684846004,261.11253030694996,0.0103264171630144,1.4733676147460937,4.466381954227934,19.82
Australia,Oceania,2004,382.0,40395.341547096155,3.7271532512468895,96.27284674875311,0.008143193024087262,0.011062024230742372,0.010964912716862722,3.6969831212751973,238.59415894638025,0.0105565441772341,1.6844631958007812,3.856231104207332,20.05
Australia,Oceania,2005,385.08,41395.09693005343,3.736768972427541,96.26323102757246,0.004083917894444623,0.006795942200742564,0.017432815777876375,3.7084562965544774,252.96186234947035,0.0107489181682467,1.488770751953125,4.503918423867096,20.29
Australia,Oceania,2006,391.37,42091.05593532494,3.7600691099337666,96.23993089006623,0.008328890371001534,0.010483818703874352,0.014321458874582636,3.7269349419843083,258.74033060307056,0.010936040431261,1.6797377014160155,4.506062175490781,20.59
Australia,Oceania,2007,398.9,43487.020465727124,3.8802033764434185,96.11979662355658,0.0052035399374363855,0.005664744652858035,0.017383784818685466,3.851951307034439,250.08911848547223,0.0111417537555098,1.6557659912109375,4.535368032883462,20.95
Australia,Oceania,2008,404.28,43886.921666757524,3.8007125007850533,96.19928749921495,0.00429519730609532,0.00542061192591352,0.01882127839262327,3.7721754131604213,248.93475931788228,0.0114071751013398,1.4757911682128906,4.374021150739446,21.37
Australia,Oceania,2009,406.98,44214.723150294994,3.799138785939377,96.20086121406062,0.011009034481931499,0.004035704189641774,0.010885354426557827,3.7732086928412456,249.7487442366378,0.0116292629390954,1.5170991516113281,3.893742849562702,21.78
Australia,Oceania,2010,405.03,44886.31046330337,3.8611004159919844,96.13889958400802,0.011317904905190718,0.008893402517085995,0.018855322699579714,3.822033785870128,256.1734247580874,0.0119504202157258,1.4169651794433593,4.48227071463905,22.14
Australia,Oceania,2011,403.87,45552.062293094605,3.7999419834555397,96.20005801654446,0.009943668028299265,0.006600699434506113,0.012039909779617655,3.771357706213117,248.81571435905465,0.0122083164751529,1.938294982910156,4.389365696424381,22.48
Australia,Oceania,2012,405.01,46500.64650297856,3.84776012854293,96.15223987145707,0.00619192155980388,0.010499446549563137,0.01214559226546197,3.8189231681681015,226.3191579086425,0.0124329645186662,1.9451719665527343,4.311204833970497,22.85
Australia,Oceania,2013,397.85,46740.20442083844,3.938657617373053,96.06134238262695,0.0047080516490453994,0.007666281224587239,0.0118993200178288,3.914383964481592,222.6175362469384,0.0126474862918257,1.5362919616699218,3.8524206775677,23.24
Australia,Oceania,2014,392.61,47207.45012360144,4.16508129673376,95.83491870326624,0.009864853659400399,0.012230289973190065,0.015095182691285928,4.127890970409884,233.71210667036937,0.0128416558727622,1.6413336181640625,4.74299610873768,23.6
Australia,Oceania,2015,400.59,47574.05577364153,4.451801568520992,95.54819843147901,0.008370744692557759,0.0061036471321366335,0.010962272572047158,4.4263649041242505,244.8351114953672,0.0130238896235823,1.6108810424804687,3.843869618730348,23.95
Australia,Oceania,2016,409.67,48087.50755650553,4.691215608286882,95.30878439171312,0.0058362309525100955,0.0128410127347528,0.01717517110437141,4.655363193495248,213.47545503826657,0.013237977400422,1.4295057678222656,4.3089575299530525,24.33
Australia,Oceania,2017,413.41,48434.38230747558,5.263435009420846,94.73656499057915,0.010476097978493843,0.013438569135801047,0.019080554242073392,5.2204397880644775,234.52115250145485,0.0134498141705989,1.6651670837402344,4.185042748759845,24.73
Australia,Oceania,2018,414.78,49028.33045330955,5.714273889694553,94.28572611030545,0.006107284746322358,0.014524791025383888,0.024489694682225987,5.6691521192406205,232.26340762092173,0.0136457215994596,1.6804100036621095,4.474089983637815,25.12
Australia,Oceania,2019,414.93,49268.90997619013,6.51657443183143,93.48342556816857,0.01836788259688996,0.017526760001404483,0.029330774944842,6.451349014288293,248.93107404716622,0.0138381291180849,1.5425726318359374,4.506837629972279,25.48
Australia,Oceania,2020,398.55,47866.29839611398,5.964238143861394,94.0357618561386,0.009051089018114536,0.015042094774213116,0.01980916759272432,5.920335792476343,225.228672129501,0.0140398433431983,1.3522386169433593,4.445525414879657,25.74
Australia,Oceania,2021,388.47,49957.01810920205,5.733670163541888,94.26632983645811,0.013331038672505967,0.012914751711425188,0.01666777772084376,5.690756595437112,228.97359031325544,0.0142294485121965,1.407497100830078,4.047368855646244,25.96
Australia,Oceania,2022,384.08,51305.37427437371,6.247879501158565,93.75212049884144,0.010142945986324781,0.00788788386296627,0.017356638568964737,6.212492032740309,223.6857063985806,0.0144112790003418,1.3942269897460937,3.7493851748239457,26.2
Australia,Oceania,2023,384.32,,5.9954746460192325,94.00452535398077,0.012231583916373148,0.006385494414962577,0.015491536127463606,5.961366031560434,200.13226944995637,0.0145931001752614,1.4125392150878906,4.1282675973806215,26.45
Austria,Europe,2000,66.2,34994.714544082446,4.546468139303812,95.45353186069619,0.009517669872232027,0.012919678941784824,0.009879214965934918,4.514151575523861,180.14210377059698,0.0018788579618558,0.11488412857055665,3.3482294665649093,8.01
Austria,Europe,2001,70.19,35479.660408496,4.342968002635644,95.65703199736436,0.0059486019736196384,0.009699153172193185,0.013147657849210511,4.31417258964062,178.50171894835282,0.0019093122100457,0.11377044677734377,3.422495045260908,8.04
Austria,Europe,2002,71.99,36036.17925755169,4.32840900070488,95.67159099929512,0.012721926660227293,0.011223887360021608,0.012166045630525571,4.292297141054106,182.8811210003812,0.0019405353814363,0.1133095932006836,3.796523510219538,8.08
Austria,Europe,2003,77.41,36255.52605432938,4.023084824219808,95.97691517578019,0.010259935021057313,0.00789749535400536,0.019710107005263582,3.985217286839481,222.28737081387413,0.0019748175982385,0.11906376838684082,3.7470113603936555,8.12
Austria,Europe,2004,77.72,37155.76294904898,4.0729676221614,95.9270323778386,0.011726065162253094,0.005028552533077848,0.014960525220052999,4.041252479246016,161.9667654281834,0.0020092187914997,0.10705252647399903,3.270115516142712,8.17
Austria,Europe,2005,79.1,37845.84009000142,3.9663156976862552,96.03368430231374,0.011064651231126621,0.004959368443166786,0.012064862509430625,3.9382268155025315,200.96638525293866,0.002044205320999,0.1051872730255127,3.5384937371081513,8.23
Austria,Europe,2006,76.8,39085.945242996255,4.316386862010006,95.68361313799,0.009477922088682464,0.010234716859700503,0.01614934190427498,4.280524881157349,177.9622560146306,0.0020783909130841,0.1035720157623291,3.307745289540778,8.27
Austria,Europe,2007,74.09,40533.455674423894,4.7758702960476995,95.2241297039523,0.013581373847524898,0.008886040579376834,0.01154609676588959,4.7418567848549085,180.4929919771138,0.0021117513533681,0.100673246383667,3.409571561249107,8.3
Austria,Europe,2008,73.47,41196.95060955756,4.8259818526557865,95.17401814734421,0.005680108270653124,0.006761439236784959,0.01608080493161678,4.797459500216732,176.29735805607388,0.0021451110951602,0.09921383857727051,2.8706911704631013,8.32
Austria,Europe,2009,67.3,39678.387114288875,4.499320740891221,95.50067925910878,0.006262900256374603,0.008923003821416753,0.017451528694865638,4.466683308118564,166.6769789014316,0.0021754181943833,0.09770299911499024,2.933180549576775,8.35
Austria,Europe,2010,72.0,40505.52529830234,4.084161314099404,95.9158386859006,0.004453592401519438,0.004608640627742815,0.014158535461660232,4.0609405456084815,169.89219841682117,0.0022078128531575,0.09876218795776368,3.6235970423930812,8.37
Austria,Europe,2011,69.89,41665.92664350685,4.400221333269869,95.59977866673013,0.007263272256838386,0.00952182728938329,0.014104189616223955,4.3693320441074235,176.3918002427275,0.002239195164293,0.09650443077087402,3.5881261604590784,8.39
Austria,Europe,2012,67.26,41758.758775174196,4.463480558188422,95.53651944181158,0.007933187610065166,0.006864774220142369,0.022235030001298912,4.4264475663569165,155.0748804727188,0.002269416116178,0.09422757148742676,2.962406214365331,8.43
Austria,Europe,2013,67.76,41524.093658708436,4.454109425545155,95.54589057445484,0.006871345985618478,0.011558940440699989,0.020671273689692543,4.4150078654291445,177.8553268581702,0.0022999972570687,0.0954423999786377,3.4186222672845914,8.48
Austria,Europe,2014,64.16,41473.98410669303,4.672474800265519,95.32752519973448,0.012416985055359929,0.0075727916643284,0.018083495490037134,4.634401528055793,162.14700833139403,0.0023287069052457,0.09368380546569824,3.0060793816113676,8.55
Austria,Europe,2015,66.36,41428.35887120798,4.558995956032703,95.4410040439673,0.007811869903427277,0.008709689593569775,0.016905359173325203,4.525569037362382,156.4658023191355,0.002358304336667,0.08957509040832519,3.4104278528545624,8.64
Austria,Europe,2016,67.22,41798.5903456429,4.52317004018164,95.47682995981836,0.007064599155123798,0.004628293396107752,0.01746839874276524,4.4940087488876435,163.42343057222274,0.002388174412772,0.09004435539245606,3.054669115817315,8.74
Austria,Europe,2017,69.6,42446.99116661528,4.392845731110114,95.60715426888989,0.009160806075493896,0.005029341734671198,0.011438690562625893,4.367216892737323,182.3400677565892,0.0024191995617002,0.09211774826049805,3.486993711745882,8.8
Austria,Europe,2018,66.57,43265.67020465517,4.757458046447198,95.2425419535528,0.006098340222538238,0.008492001302658517,0.015154469801337856,4.727713235120663,161.07060594097103,0.0024489215575158,0.09208681106567385,3.4209387382981564,8.84
Austria,Europe,2019,67.95,43728.194610419065,4.51425160758923,95.48574839241077,0.01175688962753353,0.008847380919921783,0.009562893994540847,4.484084443047235,171.18442334817325,0.0024793168995529,0.09181015968322753,3.0057393281170004,8.88
Austria,Europe,2020,62.18,40720.17963499459,4.938732161195148,95.06126783880485,0.005675103484353316,0.01086541371794464,0.016923247850785608,4.9052683961420644,154.497347937229,0.0025070253759622,0.09103276252746582,3.4395943223447323,8.92
Austria,Europe,2021,65.75,42358.977758244546,4.943465310460709,95.05653468953929,0.014700747983323699,0.007827112990878623,0.017940200201487618,4.902997249285019,172.2848275680063,0.0025365438777953,0.09322781562805176,2.797418818165088,8.97
Austria,Europe,2022,61.45,43996.64490564364,5.078550157624221,94.92144984237578,0.01292231774729626,0.012137550892292083,0.013627015689805932,5.039863273294827,167.02837465193937,0.0025640833191573,0.09215062141418455,3.66134663376487,9.06
Austria,Europe,2023,56.91,,4.836305189699047,95.16369481030095,0.00675840455345565,0.013155934016304117,0.023659623529096587,4.792731227600191,174.48013469634162,0.0025894502177834,0.09275410652160644,3.179879479955874,9.13
Bangladesh,Asia,2000,26.54,1492.6257739058635,2.6541877772658324,97.34581222273417,0.002683501248814024,0.006793929702884636,0.012549965491514707,2.632160380822619,107.69903423371765,0.0012945249909535,0.7392310333251954,2.150374923391898,134.54
Bangladesh,Asia,2001,31.06,1558.1560272842214,3.0103689395415785,96.98963106045842,0.007920048450770859,0.003248903502041213,0.012542490576832717,2.9866574970119335,116.09479683267524,0.0013097856426611,0.7410482025146484,1.7905136979679215,136.81
Bangladesh,Asia,2002,32.01,1628.7291271224635,2.7638579574261684,97.23614204257383,0.006671164546542892,0.005419963856980382,0.009950330549745931,2.741816498472899,110.6125918256216,0.0013251857599243,0.7526362609863281,2.133363053996638,138.93
Bangladesh,Asia,2003,33.5,1718.9847740824657,2.492949640566337,97.50705035943366,0.0061277059556424625,0.003016120941710639,0.01149226719267516,2.472313546476309,122.86523629717135,0.0013412031112238,0.7602471923828125,2.1539018214466763,140.97
Bangladesh,Asia,2004,35.98,1822.0261184981068,2.1831344917680724,97.81686550823193,0.005550708284424087,0.0032399681371481407,0.005221963898230175,2.16912185144827,103.0793017454488,0.0013583906693384,0.7540503692626953,1.966974924315139,142.9
Bangladesh,Asia,2005,37.72,1936.653507310111,1.9900442617727947,98.0099557382272,0.0022847485303695778,0.005917048725847094,0.00869953696346137,1.9731429275531167,117.94302443322177,0.001375671941787,0.7695616912841797,2.3458951011948845,144.72
Bangladesh,Asia,2006,41.73,2071.3322653214245,1.6776175196582273,98.32238248034177,0.002880354292464071,0.0021557235581478053,0.003983439792302809,1.6685980020153126,108.99093871654227,0.0013947072438895,0.7806534576416015,2.5311925038065484,146.41
Bangladesh,Asia,2007,42.68,2210.109484293599,1.598118560953921,98.40188143904608,0.00196846355028869,0.003192683396695201,0.0070039655252909895,1.5859534484816462,110.38655273005118,0.0014151149662211,0.7885536193847656,2.328465849101007,147.99
Bangladesh,Asia,2008,45.34,2337.93688015082,1.5416282811711284,98.45837171882887,0.004202797582982135,0.0034475610055569655,0.0043586498090805005,1.529619272773509,112.1109404545627,0.0014369537821039,0.8175430297851562,2.3860780432933373,149.47
Bangladesh,Asia,2009,49.19,2470.2330331149265,1.4210710462914307,98.57892895370857,0.003192572888776084,0.003417576307639808,0.0065813661815624916,1.4078795309134522,113.99373504112829,0.0014596924884244,0.8280574035644531,1.9952439440043843,150.87
Bangladesh,Asia,2010,54.04,2628.663607998577,1.2584372931534205,98.74156270684658,0.0020912661225641824,0.0026670028418817153,0.006080927917836403,1.247598096271138,110.67116063528918,0.0014845308614894,0.8404332733154297,2.0065123432838083,152.2
Bangladesh,Asia,2011,55.59,2808.878750740424,1.250162454670516,98.74983754532948,0.0014090789810872835,0.0012745927478580714,0.003058382312410767,1.2444204006291597,114.04262388296823,0.0015100414166226,0.8474051666259765,2.8642994876328856,153.59
Bangladesh,Asia,2012,59.7,2956.447555476681,1.1581769264844155,98.84182307351558,0.0018785220255956823,0.0019143768356806314,0.003923934483670696,1.1504600931394684,127.93473527924633,0.0015375982038676,0.8527526092529297,2.326395454038967,155.07
Bangladesh,Asia,2013,64.76,3105.6578459602424,1.173578435709402,98.8264215642906,0.001936834704475275,0.0023887288768933484,0.005800953769563298,1.16345191835847,122.22551269530744,0.0015667694387957,0.8587966918945312,2.9524706787421082,156.53
Bangladesh,Asia,2014,67.55,3271.573003238295,1.1588375651854506,98.84116243481455,0.002849827659684538,0.001362483565046187,0.0039982472186578894,1.150627006742062,121.18558388025164,0.0015968474326655,0.865728988647461,2.3660509824197664,157.96
Bangladesh,Asia,2015,76.95,3464.008727395254,1.455110032905722,98.54488996709428,0.003310542579151668,0.0024755115637245684,0.006679890057516827,1.442644088705329,108.14271244364606,0.0016323580639436,0.8702571868896485,2.230969779941389,159.38
Bangladesh,Asia,2016,81.76,3668.4630024473186,1.3974501145372642,98.60254988546274,0.0038771212120016795,0.0014902494909042412,0.005263069028176861,1.3868196748061814,104.0570492476995,0.0016690249321982,0.867530746459961,2.486022336032171,160.81
Bangladesh,Asia,2017,86.53,3890.331128560142,1.4074545348902205,98.59254546510978,0.002736696610614284,0.001628645859221605,0.004399688412724559,1.39868950400766,122.69526714748903,0.0017086422303691,0.8900045776367187,2.844692000941422,162.19
Bangladesh,Asia,2018,86.61,4151.7824193398865,1.6317359440685522,98.36826405593145,0.002022028403671155,0.0029270838976997405,0.0046624417874629245,1.6221243899797182,121.69218597012245,0.0017494974890723,0.891010513305664,2.413831207438233,163.52
Bangladesh,Asia,2019,94.81,4349.0466765579395,1.6060867010396151,98.39391329896038,0.00389715263572898,0.002032392716213623,0.0041913551138918126,1.5959658005737807,128.04099711423794,0.001794435433112,0.8956245422363281,2.432183037771346,164.91
Bangladesh,Asia,2020,95.73,4536.183587388868,1.4809807655018403,98.51901923449816,0.003734396812867855,0.0031620149253257725,0.006346586936877059,1.4677377668267697,107.38059129877415,0.0018394384533166,0.9090712738037109,2.2013133262237226,166.3
Bangladesh,Asia,2021,98.53,4815.184962607552,1.585828198109084,98.41417180189092,0.003366006611831785,0.003772574177441654,0.005010616902512171,1.5736790004172985,111.13731601776156,0.0018850320484489,0.9228512573242188,2.3795843147538207,167.66
Bangladesh,Asia,2022,102.15,5066.236439093024,1.424557638868393,98.5754423611316,0.003621132009910579,0.0037055214344529444,0.005034139373468931,1.4121968460505603,97.2899050592137,0.0019323755986988,0.9314134979248049,2.324029587008346,169.38
Bangladesh,Asia,2023,104.53,,1.3845058435738054,98.6154941564262,0.0027518316209688277,0.0019387242090731335,0.004813894199153356,1.37500139354461,109.84450292145362,0.0019815661944448,0.9431926727294921,2.2587810044415035,171.47
Belgium,Europe,2000,126.78,33721.84372016049,4.986886721797802,95.0131132782022,0.010200505533583527,0.006657320052998129,0.018610248820560688,4.9514186473906605,214.90649357991873,0.0047752000391483,0.14840396881103515,4.124169786685646,10.25
Belgium,Europe,2001,126.09,33927.777853612395,4.753478972229402,95.2465210277706,0.008818093453295223,0.005747601032631429,0.021850466226164773,4.7170628115173105,199.586096037747,0.0048321993090212,0.1431094741821289,4.184885456285235,10.29
Belgium,Europe,2002,126.88,34424.309993007824,4.970561596245332,95.02943840375467,0.005223256266653917,0.0112973931103862,0.024565599143918614,4.929475347724374,210.66386808419165,0.0048896502703428,0.13905186653137208,3.985014773026502,10.33
Belgium,Europe,2003,128.29,34592.13783345101,4.799569075996217,95.20043092400378,0.005835233789120552,0.011581127175573202,0.015467823841998287,4.766684891189525,203.16726283693976,0.0049480628222227,0.13252832412719728,3.8441720621924698,10.38
Belgium,Europe,2004,128.81,35744.028440794995,4.879569016392935,95.12043098360706,0.005186290777767832,0.005187822563669941,0.021872945111152255,4.847321957940345,208.22036080884735,0.0050072981975972,0.1335092067718506,3.375852525414537,10.42
Belgium,Europe,2005,125.66,36343.573661620234,4.981841754965515,95.01815824503448,0.011322833675222868,0.014309964274659255,0.021389952980658752,4.934819004034974,190.46973397472638,0.0050644697621464,0.13090824127197265,2.7582967025469034,10.48
Belgium,Europe,2006,123.9,37055.22046519653,5.367192631079476,94.63280736892052,0.008741610841416714,0.005925072412363324,0.019969106348048226,5.332556841477647,200.5251525252645,0.0051207025535404,0.128951473236084,3.8249151591732824,10.55
Belgium,Europe,2007,120.49,38089.72921064896,5.500805056013917,94.49919494398608,0.011095901514612495,0.011455936292065781,0.02677869699613239,5.451474521211106,166.40827212508788,0.0051753376610577,0.12864701271057127,3.134085084617144,10.63
Belgium,Europe,2008,120.2,38123.39518909521,5.46309445794067,94.53690554205933,0.01537933720577746,0.013210423646254339,0.014211822560106018,5.420292874528533,193.55148692429324,0.0052297255024313,0.12879881858825684,3.442388988314269,10.71
Belgium,Europe,2009,107.81,36945.557036590246,5.074277701803169,94.92572229819683,0.007604233701009053,0.013913356108970782,0.01181186624154407,5.040948245751645,169.39719031107404,0.005278643220663,0.128892183303833,3.283414106233088,10.81
Belgium,Europe,2010,114.56,37604.096356927126,4.839645241368586,95.16035475863141,0.008811860762585218,0.01175150008740498,0.022077909391793875,4.797003971126802,201.98937643331078,0.0053304829634726,0.12767746925354004,3.7137089041738993,10.94
Belgium,Europe,2011,105.16,38132.85387263847,5.399712451125978,94.60028754887402,0.013559230231632597,0.014057914676264611,0.017913273100612782,5.3541820331174685,189.66595060043574,0.0053780279122292,0.12695023536682126,3.872989284797142,11.04
Belgium,Europe,2012,102.49,38176.45786648003,5.233827308056618,94.76617269194338,0.0076288074812232405,0.00878707468296785,0.02376632077078025,5.193645105121647,184.2935822993874,0.0054246899671852,0.12360921859741213,3.474530577267892,11.11
Belgium,Europe,2013,102.82,38170.49118512023,4.907978959792587,95.09202104020741,0.0056636105153254806,0.012906267988149553,0.022965761728472995,4.866443319560638,194.98504934301758,0.0054714959114789,0.124462308883667,3.395683803967231,11.16
Belgium,Europe,2014,97.08,38600.65408644855,5.199714607812666,94.80028539218733,0.008212964332513993,0.006032863281910793,0.011373714201355072,5.1740950659968865,165.63204607669292,0.0055158510804176,0.1240219020843506,3.447162608914873,11.21
Belgium,Europe,2015,101.33,39160.839865114394,4.8336142191389655,95.16638578086103,0.0063921772321366525,0.013484011243652061,0.02247821195971091,4.791259818703466,195.49996722737956,0.0055623636581003,0.12462313652038574,3.5628601531542117,11.28
Belgium,Europe,2016,99.82,39456.10857255905,4.8556326778322045,95.1443673221678,0.013884173280269167,0.010173447549399936,0.016241883321704304,4.8153331736808305,185.89985762045526,0.0056079630739986,0.12613652229309083,3.6323587270289766,11.33
Belgium,Europe,2017,99.28,39940.49853782986,4.78170484161555,95.21829515838445,0.012510091104758286,0.012597858248958045,0.01688562219519934,4.739711270066635,173.62420776623688,0.0056535336188972,0.12313297271728516,3.1347641124019496,11.38
Belgium,Europe,2018,100.26,40471.53160411137,4.968038292637061,95.03196170736294,0.01126158652672495,0.009462307408530702,0.019274883352246166,4.9280395153495595,187.56100057404794,0.0056994766928255,0.12441289901733399,3.306027943535536,11.43
Belgium,Europe,2019,99.8,41155.121776425876,5.088308117404566,94.91169188259543,0.013956828107505242,0.011637751338702564,0.024317776647750436,5.038395761310607,164.3482756817647,0.0057452819310128,0.12315547943115235,3.154822879963944,11.49
Belgium,Europe,2020,91.25,38781.639005790414,5.06109084278404,94.93890915721596,0.013196005620774718,0.01038943421654587,0.010412426556972902,5.0270929763897465,160.96681563603315,0.0057871579192578,0.12250138282775881,3.0793176432396363,11.54
Belgium,Europe,2021,94.93,41051.09924618284,4.985467247025738,95.01453275297426,0.006845745082729729,0.0122800984449826,0.017102796973821374,4.949238606524204,165.5583354763301,0.0058306674472987,0.12300041198730469,3.2928814782313314,11.57
Belgium,Europe,2022,88.91,42062.03555365169,4.917653308493215,95.08234669150679,0.013696244732392473,0.0057205092109031555,0.0199812423488335,4.878255312201086,161.87652217808287,0.0058715254999697,0.12028674125671389,3.0094306288564034,11.64
Belgium,Europe,2023,84.7,,4.638845822000405,95.3611541779996,0.009642696833077903,0.005198773847337695,0.019335270097747964,4.604669081222243,153.57643147900615,0.0059105614200234,0.11995561599731444,2.4063149685329797,11.71
Brazil,South America,2000,340.18,9997.386790782977,9.34550580823192,90.65449419176808,0.024437379128002777,0.01396411522558135,0.03810720920042089,9.268997104677915,130.39337255757084,0.0392063669860363,4.173099365234375,2.456461795844617,174.02
Brazil,South America,2001,346.17,10127.628151239876,9.174431148324729,90.82556885167527,0.02561668701584651,0.012101894513884609,0.022048959812662274,9.114663606982335,115.77983496680206,0.0402090176939964,4.296150817871093,2.5906228996119776,176.3
Brazil,South America,2002,347.76,10429.725357154792,8.788680189708941,91.21131981029106,0.014378341871196588,0.024112334112554316,0.025471236608643227,8.724718277116546,122.07990570270009,0.0412889793515205,4.505879211425781,2.36406566747027,178.5
Brazil,South America,2003,344.64,10546.47523812734,8.518600589286152,91.48139941071385,0.010393577367553237,0.012253393393062157,0.02620446403718269,8.469749154488355,112.74635157671455,0.0427470579743385,4.715380554199219,2.2300266044730686,180.62
Brazil,South America,2004,361.43,11158.868615902118,8.194586341671823,91.80541365832818,0.011930255081177706,0.024188210534966885,0.036165263147692917,8.122302612907987,101.0667900857892,0.0439507104456424,4.949906921386718,2.4129815931444085,182.68
Brazil,South America,2005,364.37,11528.704442253158,9.216315552140614,90.78368444785939,0.017089035861653716,0.01542619140244217,0.026140047946622166,9.157660276929896,121.11069565697224,0.0450375378131866,4.976864929199219,2.2241791623338796,184.69
Brazil,South America,2006,368.87,12005.186793314371,9.144645852794412,90.85535414720559,0.024105556526229845,0.012475453537638865,0.02406975852756307,9.083995084202979,99.37163766207743,0.0460205487906932,4.932843017578125,1.6271052371203694,186.65
Brazil,South America,2007,390.57,12758.405817221726,9.303093533443075,90.69690646655692,0.025318007779700627,0.02399637168377677,0.045327872490449735,9.208451281489147,118.44264734361644,0.0469655692577362,4.915204467773438,2.346893021640215,188.55
Brazil,South America,2008,412.64,13446.861411217074,9.398279213481942,90.60172078651806,0.009528955341203347,0.021779718401979568,0.01904645731169912,9.34792408242706,106.13893020511975,0.0478570275008678,4.881548461914062,2.052970697907295,190.37
Brazil,South America,2009,389.78,13481.721170696008,10.910214820392923,89.08978517960708,0.022054940400507855,0.021781059398599537,0.054479749304061846,10.811899071289755,137.3784653180006,0.0486681945621967,4.8685824584960935,2.4081815491620335,192.08
Brazil,South America,2010,440.27,14560.993400019332,9.64229625467604,90.35770374532396,0.01769189735932012,0.020352256029055056,0.038862926934525,9.56538917435314,129.58315317882182,0.0494571849703788,5.078707580566406,2.520716914091542,193.7
Brazil,South America,2011,461.91,15200.65043487577,9.229763852982728,90.77023614701727,0.013329769134078498,0.022505889005179205,0.04139925568604961,9.15252893915742,122.59630564197414,0.0502289868891239,5.052668151855468,2.608992584445622,195.28
Brazil,South America,2012,497.47,15367.452170345317,9.110369229247851,90.88963077075215,0.011294404737666401,0.013272983320648734,0.026273012906931507,9.059528828282604,135.5632374881191,0.0510552376508712,5.068518371582031,2.6662252313395607,196.88
Brazil,South America,2013,531.57,15701.438508690295,9.203480700461952,90.79651929953805,0.015417950128854841,0.027542960635749757,0.018802212546115527,9.141717577151233,115.59982737822992,0.0519113913178443,5.064587097167969,2.44169155985755,198.48
Brazil,South America,2014,556.53,15653.836945036084,8.885937102782435,91.11406289721756,0.02564320974792214,0.026209838556899862,0.037441860601559206,8.796642193876053,130.57759287156483,0.0527885183691978,5.126400756835937,3.1332637954996643,200.09
Brazil,South America,2015,528.17,14979.721072542196,9.068707860721474,90.93129213927853,0.014930773801171178,0.020863935188328582,0.04083125671283807,8.992081895019137,125.69455597158358,0.0536581464111804,5.211735229492188,2.408249237078068,201.68
Brazil,South America,2016,491.74,14379.01464147575,9.213889506900898,90.7861104930991,0.018774048438820485,0.012891013696495573,0.03889577480075308,9.143328669964829,124.62739609258162,0.0544792674481868,5.2413262939453125,2.577542927874707,203.22
Brazil,South America,2017,497.25,14463.516655044976,8.889348600349933,91.11065139965007,0.021388109796898567,0.02098292054990012,0.021588235205131753,8.825389334798004,135.04522453204262,0.055260743945837,5.2264501953125,2.5079595837329416,204.7
Brazil,South America,2018,476.6,14621.226894835561,9.327770765231548,90.67222923476845,0.01611147791412425,0.010674671182375924,0.039738950371276206,9.261245665763772,128.36183084993897,0.0560413412749767,5.221157836914062,2.2998813776329317,206.11
Brazil,South America,2019,476.72,14703.528045323696,9.384382231319776,90.61561776868022,0.027623531250922796,0.009959691825411092,0.04041636034364329,9.306382647899799,123.76338829863876,0.0568359792232513,5.289462280273438,2.304741916752889,207.46
Brazil,South America,2020,448.0,14139.583548911633,10.656269150146954,89.34373084985305,0.031168463985614965,0.01614814558087256,0.04236529324406393,10.566587247336402,102.10228448141784,0.0576698444783687,5.35771728515625,1.9900089802461787,208.66
Brazil,South America,2021,496.56,14781.965705048819,9.90513198572485,90.09486801427515,0.014893005729362955,0.019069814877983263,0.04257570226357067,9.828593462853933,111.43267442432372,0.0585881322622299,5.45361083984375,2.3907655300533173,209.55
Brazil,South America,2022,480.06,15156.042521989499,10.107440617143055,89.89255938285694,0.020159260107683846,0.027659466192969513,0.045865183389218626,10.013756707453181,118.94824776688593,0.0595400333404541,5.662214965820312,3.1078947002804025,210.31
Brazil,South America,2023,483.99,,10.263896795146962,89.73610320485304,0.016440264634862114,0.025191073364555776,0.03942170149512644,10.182843755652417,121.06078112659524,0.0604656524956226,5.662032470703125,2.222159467142772,211.14
Canada,North America,2000,566.68,36827.937470785124,4.751042680567124,95.24895731943288,0.007457621372449501,0.011808303443280408,0.01076497969444241,4.721011776056953,241.649310615643,0.0233378019183874,1.216526107788086,4.241401378165649,30.89
Canada,North America,2001,558.98,37210.085920332494,4.576701034620029,95.42329896537997,0.00491434209486296,0.008471412602604894,0.015848582172280325,4.547466697750282,273.7214123978148,0.0236926637589931,1.219847183227539,4.860605694431662,31.21
Canada,North America,2002,564.26,38047.997636701075,4.643342784079181,95.35665721592082,0.010304175087314352,0.007855932286886032,0.010368343001666202,4.614814333703315,264.5907458174599,0.0240414384752511,1.244161605834961,4.852191587692282,31.54
Canada,North America,2003,581.19,38464.542738310636,4.4295315810184235,95.57046841898158,0.008882796798033894,0.007716587417863038,0.014274737341783219,4.398657459460743,258.5214269576648,0.0243952944874763,1.2351619720458984,4.715408074909071,31.84
Canada,North America,2004,576.29,39396.56844997056,4.626002025444947,95.37399797455505,0.005102283640544603,0.013763739789990593,0.0149018303806907,4.592234171633721,250.49628208037214,0.0247478857636451,1.272051773071289,4.893169251470389,32.13
Canada,North America,2005,570.4,40384.42940820412,4.614480218546717,95.38551978145328,0.007186097412922374,0.004984646359256326,0.010142763797136925,4.592166710977402,244.8504649200964,0.0250951331108808,1.2635363006591795,3.6896898175609794,32.44
Canada,North America,2006,566.32,41157.734749752846,4.719227039769635,95.28077296023037,0.013291852896477946,0.012902664001435598,0.014376943967346217,4.678655578904375,235.00328533046192,0.0254299268126487,1.2992253112792969,3.5439736042286887,32.76
Canada,North America,2007,589.96,41699.46516818132,4.529344983153564,95.47065501684644,0.006699461878448032,0.009771386100536981,0.010566936012007205,4.502307199162572,249.77266708929076,0.0257624275982379,1.2817019653320312,4.347599221825607,33.09
Canada,North America,2008,574.21,41793.02967569699,4.37259405046467,95.62740594953533,0.005639726961762514,0.008208368395245611,0.019347441512916508,4.3393985135947455,246.413983852462,0.0260866228491067,1.2489193725585936,4.771813797902505,33.45
Canada,North America,2009,541.13,40221.22531258896,4.07916305356089,95.92083694643911,0.00807227828593615,0.00999605155891576,0.019755648052570747,4.041339075663468,222.29728951034286,0.0263760909438133,1.1812517547607422,3.587062222683807,33.83
Canada,North America,2010,554.31,41125.22952171103,4.152418806327802,95.8475811936722,0.012338085770556593,0.008194125335982962,0.009205702488260815,4.122680892733001,239.69414553363674,0.0266636665910482,1.1891561126708985,3.4328166266300606,34.2
Canada,North America,2011,562.83,42083.706251624746,4.149609058101191,95.85039094189881,0.006158478552551722,0.011398339018700654,0.020189282263325906,4.111862958266613,235.43016672327937,0.0269744452089071,1.1964154815673829,4.438236489438233,34.56
Canada,North America,2012,561.77,42374.657392839974,4.412878508027788,95.58712149197221,0.010344983531285575,0.012362254303699487,0.01574395814808969,4.3744273120447135,216.08099844585854,0.0272862110286951,1.225823211669922,4.030393142244551,34.92
Canada,North America,2013,568.59,42905.913978330405,4.4415498916139455,95.55845010838605,0.011207092931442586,0.008187738965706202,0.012874707496569751,4.409280352220227,226.7257835140701,0.0276006776839494,1.2323931884765624,3.8005500141852924,35.29
Canada,North America,2014,564.94,43715.1563220681,4.443861395936963,95.55613860406304,0.006555918011883157,0.006904230118847185,0.009912416019267959,4.420488831786965,229.13919307344804,0.0279201604425907,1.2845590209960938,3.87056520895889,35.63
Canada,North America,2015,563.0,43602.01023387422,4.265594031981408,95.73440596801859,0.010478144653241489,0.009319046084961553,0.014937567734401521,4.230859273508804,250.70745859879332,0.0282402075827121,1.2716354370117187,4.220396221690291,35.96
Canada,North America,2016,553.71,43564.84868234271,3.949046818672443,96.05095318132756,0.006853832439125147,0.011154977953634322,0.01731083088741587,3.9137271773922673,234.25632278209883,0.0285476967692375,1.225126953125,4.281261759755763,36.35
Canada,North America,2017,566.66,44334.094811067815,4.101086344680326,95.89891365531967,0.009287367959698485,0.005828973998023536,0.016901640778640366,4.0690683619439625,216.52289219858886,0.0288684349507093,1.245078125,3.7764716923225192,36.81
Canada,North America,2018,575.09,44970.88759947849,4.134651040665602,95.8653489593344,0.009373499596445825,0.0092861499067269,0.00889230317303521,4.107099087989394,234.91305465930014,0.0291852559894323,1.259721450805664,4.406828050241458,37.29
Canada,North America,2019,579.01,45228.30919673946,4.204524827040174,95.79547517295983,0.00870988074882403,0.009515346077340094,0.009328602384303787,4.176970997829706,213.75985971919908,0.0294977221637964,1.2516385650634765,3.063769756635868,37.78
Canada,North America,2020,524.21,42495.77198899411,4.600672016922857,95.39932798307714,0.005431459253930289,0.011346297151858302,0.014761807547167195,4.569132452969901,227.00894464164105,0.0297863278537988,1.1082160186767578,3.875087554727917,38.17
Canada,North America,2021,537.48,44298.14065173564,4.756729748298056,95.24327025170194,0.012703346207491925,0.006008393591817154,0.01372731072887856,4.724290697769868,213.30067620173745,0.030085202306509,1.1490996551513672,3.574994630954484,38.45
Canada,North America,2022,547.66,45369.358691406684,4.629899503199823,95.37010049680018,0.007600258430097918,0.01125829479991909,0.012487547192005516,4.5985534027778,218.21698779715783,0.0303802546113729,1.170547332763672,3.9145696012427775,38.82
Canada,North America,2023,545.48,,4.881580979107355,95.11841902089265,0.006702591404346086,0.013756612703650167,0.013878400608963821,4.847243374390395,230.39413693383526,0.0306781362742185,1.1872012329101562,4.0248918633943225,39.3
Chile,South America,2000,58.5,15050.69448241761,2.9302686319889233,97.06973136801108,0.0031692328685145894,0.0039833081872303645,0.012923798101059656,2.910192292832119,124.97196412109079,0.0020293830893933,0.23262384414672851,2.738904559906183,15.5
Chile,South America,2001,52.92,15279.588397926735,3.156055281058471,96.84394471894153,0.006885836868837338,0.004655455011270855,0.01511019588003443,3.1294037932983283,120.49652000556627,0.0020611830987036,0.2334516716003418,1.8701432885910432,15.68
Chile,South America,2002,54.84,15341.78110977438,2.9670617949002036,97.0329382050998,0.00698781245811655,0.008731440337469082,0.009540017773632017,2.9418025243309858,129.4538037270114,0.0020921744871884,0.23019712448120117,2.5849083025314084,15.86
Chile,South America,2003,55.1,15645.98786933092,2.78135534079793,97.21864465920207,0.0028736286339594,0.003788077768757677,0.013123360707006815,2.761570273688206,145.66625161609485,0.0021260983776301,0.22819171905517574,2.9981609528210296,16.02
Chile,South America,2004,59.22,16318.081439835269,2.6601597492678195,97.33984025073218,0.005384658432402232,0.007205761420780184,0.007886009270602382,2.6396833201440346,121.94629474659858,0.0021604425273835,0.23425390243530272,3.008134946914164,16.19
Chile,South America,2005,61.12,17004.370051587946,2.4415369353021816,97.55846306469782,0.0035475325369735125,0.004845366073200705,0.008372789369111648,2.424771247322896,109.63152169111157,0.002196222776547,0.23070627212524417,2.1095745557297425,16.35
Chile,South America,2006,64.05,17763.333920824123,2.256382597794669,97.74361740220533,0.005167895911495689,0.003372078385629485,0.006042788887396312,2.2417998346101475,134.71972043777194,0.0022319492418318,0.22860715866088868,2.752853108310106,16.51
Chile,South America,2007,70.47,18337.171542861797,2.099762411161322,97.90023758883868,0.0028320185579475427,0.005756498235590226,0.008234067378153277,2.082939826989631,147.65288661388132,0.0022721169516444,0.22739273071289062,2.3212873480533918,16.67
Chile,South America,2008,70.55,18649.124055443477,2.0442481345301076,97.95575186546989,0.004869144498914943,0.003864877008201413,0.010092337224369136,2.0254217757986224,153.88420202199077,0.0023142446298152,0.2370872116088867,2.244560371057945,16.84
Chile,South America,2009,65.96,18028.514636387525,1.8504391833511136,98.14956081664889,0.003281699660113867,0.003755715591312388,0.007051060182103862,1.8363507079175834,134.91016790600028,0.0023534677457064,0.22827667236328125,2.9119949992305147,17.01
Chile,South America,2010,71.35,18709.54768124228,1.5898586207770364,98.41014137922296,0.004568395116643983,0.0027321191591990345,0.004886338660344169,1.5776717678408492,137.8345234543375,0.0023959253448992,0.20597597122192382,2.703684287174979,17.18
Chile,South America,2011,78.07,19520.088113920105,1.4675808024641839,98.53241919753582,0.0018712269975950018,0.003207987375205568,0.005787334946639602,1.456714253144744,156.35954490395528,0.0024399135727435,0.2181557273864746,3.3553065254028116,17.35
Chile,South America,2012,79.62,20523.6601944984,1.4706986414137333,98.52930135858627,0.0024739102796568426,0.0019516873159127442,0.0034837351072895665,1.462789308710874,126.48443015680935,0.0024853309150785,0.22471281051635747,2.111730015818025,17.52
Chile,South America,2013,81.73,21001.523513533044,1.3857209918880358,98.61427900811196,0.0017002062727011103,0.0024695807816443862,0.006465742610243105,1.3750854622234472,141.97494638117317,0.0025306395255029,0.2199549674987793,2.9275697839573964,17.69
Chile,South America,2014,77.59,21166.043872289327,1.3992496493640374,98.60075035063596,0.003987004091654921,0.0041121493535976935,0.004910319423916156,1.3862401764948686,145.52974655890972,0.0025745404418557,0.20835813522338867,3.3891212971057114,17.86
Chile,South America,2015,81.78,21401.772224109205,1.3730205813730123,98.62697941862699,0.003782230559454167,0.0020818656130512396,0.0045969404949112724,1.3625595447055956,149.6438317829082,0.0026195009704679,0.19959991455078124,3.020212991033711,18.05
Chile,South America,2016,84.25,21515.1591927619,1.4487659515664433,98.55123404843356,0.0021961600470171328,0.003351681389031918,0.005443874776332294,1.437774235354062,140.63982048383997,0.0026653672102838,0.20073516845703124,2.8332115794187542,18.27
Chile,South America,2017,84.13,21464.645294098755,1.1561767724219294,98.84382322757807,0.002682293220809456,0.0019081311701799046,0.00447943531466733,1.1471069127162727,145.68660431923806,0.002710498869419,0.20484020233154296,2.8335524933551137,18.56
Chile,South America,2018,84.44,21926.109956844226,0.9700904385644264,99.02990956143557,0.002555649323759992,0.0024707682059946505,0.002149067947150633,0.9629149530875212,120.09646389895411,0.0027546565979719,0.21136537551879883,1.9502789852454923,18.89
Chile,South America,2019,91.98,21738.589680831315,0.9637458591912633,99.03625414080874,0.0020338908255884843,0.0012160037563802874,0.0039011002794826287,0.9565948643298119,140.97478533310735,0.0028012336697429,0.2111787223815918,3.1622684460428223,19.2
Chile,South America,2020,80.18,20220.6705311616,1.1318633244267886,98.86813667557321,0.0023308474532319897,0.003327273068790116,0.00308522743675186,1.1231199764680146,146.74292730706767,0.0028444351628422,0.20750490188598633,2.664629544971563,19.37
Chile,South America,2021,83.63,22494.4450331134,1.1428118744065614,98.85718812559344,0.0016955952141934937,0.0021800040271560224,0.004733364387390187,1.1342029107778218,133.6497043840022,0.0028856287244707,0.19602270126342775,2.78974024705894,19.46
Chile,South America,2022,85.74,22929.33815086386,1.0020846441049684,98.99791535589503,0.0011886783519888925,0.001475169733211677,0.00447691774829326,0.9949438782714745,144.86970221057294,0.002926584566012,0.19110841751098634,2.3490049433977913,19.55
Chile,South America,2023,77.6,,1.1037909934780004,98.896209006522,0.0030844683391488396,0.001266041088983593,0.004869788466255461,1.0945706955836125,145.16608886546626,0.0029623841401189,0.19212675094604492,2.4688195224951257,19.66
China,Asia,2000,3643.81,4688.697622439698,9.159012362040613,90.84098763795939,0.025652892595167686,0.012268641864542419,0.03349911429566599,9.087591713285237,122.20800099790803,0.0610836371779441,9.50032470703125,2.8858542357331993,1269.58
China,Asia,2001,3724.11,4950.037697603238,9.660582379789346,90.33941762021065,0.021892839945295527,0.019703220477576944,0.03439659704804119,9.584589722318434,127.27509148386861,0.0628640800714492,9.573230590820312,2.432210777054545,1278.73
China,Asia,2002,4098.18,5295.4149649283645,9.08933924268986,90.91066075731014,0.015252452811129658,0.01521561163558591,0.022074622732097784,9.036796555511048,118.57815455212308,0.0647779405117034,9.617798461914063,2.833233115646733,1286.87
China,Asia,2003,4835.25,5599.479398231274,9.213907361529976,90.78609263847002,0.015649076702010673,0.024488416455041018,0.039859717531860094,9.133910150841066,130.44417954196498,0.0670146867632865,10.07435302734375,2.5636376749538847,1294.52
China,Asia,2004,5210.96,6014.093600603196,8.926389598426695,91.0736104015733,0.021886716039998883,0.01661892941703986,0.025120896808458346,8.862763056161198,140.97677801397703,0.0694252178072929,10.69441162109375,2.2030591163362754,1302.1
China,Asia,2005,5881.99,6566.993490049349,8.885045269437953,91.11495473056205,0.024826775812149742,0.013304720411630796,0.031009574489456144,8.815904198724716,140.38150464291328,0.0721254497766494,11.199840087890625,3.0137243542061287,1310.03
China,Asia,2006,6486.18,7199.661715300852,8.921120050195327,91.07887994980467,0.024748729021730562,0.019932369077936805,0.025450370030890932,8.850988582064769,136.36603925004422,0.0751001462340354,11.620079345703125,2.5048889326740253,1318.05
China,Asia,2007,6974.66,7812.716886632635,9.004065531559192,90.99593446844081,0.023048166574284275,0.02173180228565835,0.021623129114409972,8.937662433584839,147.12424258079534,0.0782825723290443,11.761474609375,3.0635945253478387,1325.81
China,Asia,2008,7492.4,8096.399928343909,8.585244885705862,91.41475511429414,0.01960924269892069,0.01145343625671622,0.03338521076390135,8.520796995986323,155.21589027905148,0.0817046388983726,11.830538330078125,2.9910175047268486,1333.82
China,Asia,2009,7881.49,8619.998866783422,8.95593873737377,91.04406126262623,0.010463043481094633,0.011958313601943325,0.0193716606007999,8.914145719689934,129.30109577632817,0.0853096097707748,11.977305908203125,2.10588206403839,1342.52
China,Asia,2010,8610.05,9514.038727362984,8.696143791904206,91.3038562080958,0.011507236869238876,0.009333943795241002,0.03692326739906408,8.638379343840661,165.5973838130571,0.0891915783286094,12.41241455078125,3.198846570620084,1351.56
China,Asia,2011,9520.15,10065.443758914174,8.830333313518608,91.16966668648139,0.024699399283423303,0.021835683805071324,0.026073858401420773,8.757724372028692,155.56377128952283,0.0935036391019821,13.232838134765625,3.647887283278205,1360.25
China,Asia,2012,9767.31,10787.09924144449,8.682197077784366,91.31780292221563,0.019212470297104392,0.020208760537660502,0.017367902449198554,8.625407944500404,164.3644852981045,0.0978926792740821,13.1935302734375,3.2777277023240097,1369.52
China,Asia,2013,9942.37,11548.492893137882,8.993868031275554,91.00613196872445,0.009159302168309147,0.017531402951400696,0.031778820138268445,8.935398506017577,172.45576912905878,0.1023507490754127,13.3089111328125,3.2420369801633013,1379.01
China,Asia,2014,9976.03,12323.15615883884,9.27188170430442,90.72811829569558,0.011153545987918631,0.024925978786528316,0.019846979469075324,9.215955200060897,146.36646338324596,0.1068018823862075,13.406846923828125,3.1644664347190052,1387.95
China,Asia,2015,9858.04,13108.49975354267,8.955364263861796,91.0446357361382,0.02083916432802052,0.023385503656239738,0.02533032549435098,8.885809270383184,152.2289351307972,0.1112307161092758,13.413931884765624,2.9988635016536884,1396.13
China,Asia,2016,9748.17,13920.923463912352,9.198853994703143,90.80114600529686,0.00929197553626977,0.01996803266119911,0.03790782844678592,9.131686158058889,155.2985054070039,0.1155615523457527,12.9959521484375,3.0476363555909005,1404.05
China,Asia,2017,10000.01,14793.990233908871,9.193968448187675,90.80603155181232,0.012150896750081724,0.025159685963200493,0.02011703610603613,9.136540829368355,151.45036025115286,0.1199928373098373,13.190206298828125,2.595718212370715,1412.35
China,Asia,2018,10346.79,15711.165658751721,9.222602203487583,90.77739779651242,0.01934410911336832,0.013019385397994881,0.041667859494198406,9.148570849482022,178.30376919455264,0.1245743334293365,13.549329833984375,3.4230147148497223,1419.01
China,Asia,2019,10713.51,16601.056061667547,9.343595436874736,90.65640456312526,0.022273173060788718,0.01143505872707747,0.018794266309515327,9.291092938777355,154.16596747053308,0.1293003857135772,13.73721923828125,3.2772885044536126,1423.52
China,Asia,2020,10896.52,16935.516941845784,9.338822881659198,90.6611771183408,0.02151592433805567,0.014377110570366284,0.025592778955645542,9.277337067795129,158.09947335048759,0.1341052502393722,13.989615478515624,2.778772927977794,1426.11
China,Asia,2021,11284.4,18353.839132390196,8.806463732819793,91.1935362671802,0.012756502813117711,0.009811930388362302,0.03718716156564647,8.746708138052668,168.2859126281138,0.1390778422355651,14.504857177734374,3.619923348423905,1426.44
China,Asia,2022,11711.81,18921.136473023602,7.769208337672708,92.23079166232729,0.018835345826493776,0.0160227417889993,0.022909922728047195,7.711440327329168,157.50534845728453,0.1442426741123199,15.13474609375,2.9925737680730147,1425.18
China,Asia,2023,12172.01,,7.169243345929203,92.8307566540708,0.010571036229657622,0.020598751600419338,0.016529960667287718,7.121543597431839,168.75788670667058,0.1496111452579498,15.4153076171875,2.9337953338451674,1422.58
Colombia,South America,2000,56.21,8457.818766946655,7.763301966593801,92.2366980334062,0.012815654199891547,0.00837417353988301,0.023916418003959064,7.718195720850067,118.46821976694888,0.009202848188579,0.7285884857177735,2.6947811393472554,39.09
Colombia,South America,2001,56.47,8463.936594567369,8.031965756510147,91.96803424348985,0.020023552563384374,0.009993531052228015,0.02257930036411255,7.979369372530423,111.62153288465818,0.0092357378453016,0.7416097259521485,2.19990625543305,39.71
Colombia,South America,2002,55.42,8543.592894119145,7.918510827686376,92.08148917231362,0.018206761117939695,0.015079996631149655,0.035856091621008356,7.849367978316279,113.72542427320444,0.0092890597879886,0.7468304443359375,2.5474612546171036,40.32
Colombia,South America,2003,57.03,8742.34729401404,7.7025717432568115,92.29742825674319,0.020784980234026078,0.02208905038674461,0.02264589793391269,7.637051814702128,109.69011689564473,0.0093944482505321,0.756395263671875,2.167514280652755,40.94
Colombia,South America,2004,54.32,9068.353774531977,8.056087890493728,91.94391210950627,0.01865166240708043,0.013150050628111455,0.03517930377786339,7.989106873680673,98.871646383395,0.00944659486413,0.7589937591552735,2.0639984990753493,41.54
Colombia,South America,2005,60.26,9354.038002274823,8.47322746897244,91.52677253102756,0.0181040436062434,0.01706905929736737,0.039617561606609925,8.398436804462218,117.87963567593417,0.0094827646389603,0.7641969299316407,2.5341422321152343,42.13
Colombia,South America,2006,62.47,9844.769734807136,8.214812300595568,91.78518769940443,0.009753853570614864,0.008897838768391743,0.027120810624840848,8.169039797631722,132.68310354903065,0.0095297675579786,0.7704237365722656,2.7101987740614923,42.69
Colombia,South America,2007,60.67,10378.800524866514,9.206145083141251,90.79385491685875,0.015976635147799133,0.01193748314345039,0.04354349596548211,9.13468746888452,114.04508099998837,0.0095782540738582,0.7912567901611328,1.7260617618642928,43.24
Colombia,South America,2008,66.98,10604.465032534596,7.877891739066456,92.12210826093354,0.012056362822147915,0.0234230223294097,0.024673195819084715,7.817739158095814,118.19603815414713,0.0096171265468001,0.8004104614257812,2.0547634884380366,43.76
Colombia,South America,2009,71.77,10646.265030631528,6.759934503108482,93.24006549689152,0.010058642520467283,0.01980821285437469,0.03307118986021798,6.696996457873423,124.48850773951433,0.0096561005339026,0.810055160522461,2.770639119269474,44.27
Colombia,South America,2010,75.43,10940.139326344304,6.8151763533090275,93.18482364669097,0.020077653401846956,0.006882510035808999,0.015455924275052728,6.772760265596318,105.33122612443218,0.0096919266507029,0.8362904357910156,2.145658641320451,44.78
Colombia,South America,2011,75.19,11518.50833109182,8.082519979227811,91.91748002077219,0.01443696040604398,0.02346859552352346,0.03282358080133631,8.011790842496907,133.84981243690305,0.0097766621038317,0.8224085998535157,2.4844776081590223,45.26
Colombia,South America,2012,78.67,11849.788620881176,8.301160669340106,91.6988393306599,0.023111204227453268,0.01891203525091036,0.028900010410507156,8.230237419451237,119.14999572788923,0.0099471686407923,0.8010725402832031,1.9988277270689858,45.72
Colombia,South America,2013,86.45,12340.522864448658,7.324576639472895,92.6754233605271,0.01657022311197004,0.020038844769497913,0.023167243433225806,7.2648003281582,135.4434591090613,0.010051948018372,0.8019193267822265,2.3431744493622264,46.15
Colombia,South America,2014,92.04,12781.114061557173,7.020103798977601,92.9798962010224,0.01817941950190373,0.013404745775141159,0.027365316788939123,6.961154316911618,112.86646752163028,0.0101341735571622,0.8008033752441406,1.6993238883575001,46.57
Colombia,South America,2015,91.03,13045.597202832161,6.732145328188992,93.26785467181101,0.01349979724443422,0.013674280118254186,0.027679695349854247,6.677291555476449,138.2987071698752,0.010205028578639,0.7850608062744141,2.682395099107543,46.97
Colombia,South America,2016,91.58,13186.718108999517,5.714384729295816,94.28561527070418,0.01230768622645642,0.011301299595673067,0.01150356966297021,5.679272173810715,128.62485134850053,0.0102651296183466,0.8005235290527344,2.3784663474016945,47.44
Colombia,South America,2017,83.46,13173.324774455488,6.168487457028064,93.83151254297194,0.012244665890400165,0.014395575073455017,0.015426519015603695,6.126420697048605,124.46753243220778,0.0103589389473199,0.8218590545654297,2.2015041516197305,48.13
Colombia,South America,2018,90.81,13264.871649119339,5.909222315067339,94.09077768493266,0.00821669075578059,0.0075596829369336555,0.024459087532371533,5.868986853842253,122.43170290363582,0.0104494486004114,0.8528365325927735,2.4384702189077876,49.02
Colombia,South America,2019,98.96,13445.310628256755,5.4250163593998195,94.57498364060018,0.01326364544775316,0.0057502307902182566,0.021695488029781194,5.384306995132067,119.0377988762669,0.0105245355516672,0.8783330535888672,2.513795971276092,49.91
Colombia,South America,2020,92.31,12292.424474091911,5.185894739574039,94.81410526042596,0.008098006574373658,0.008379679268084235,0.02540125150422437,5.144015802227357,132.4416542369882,0.0105856237933039,0.8661329650878906,3.2470258474547946,50.63
Colombia,South America,2021,103.73,13497.750385274536,5.215370268996708,94.78462973100329,0.005469003805773761,0.012565712467217969,0.022338022132564073,5.174997530591152,123.44341109534365,0.0106481472030282,0.8890690612792969,2.0215295516565344,51.19
Colombia,South America,2022,89.44,14355.362737104513,6.1892273088770935,93.8107726911229,0.014179176830781572,0.008687861105418027,0.03003209983943164,6.136328171101463,99.20714379616498,0.0107044577598571,0.8957967376708984,2.4351286137287964,51.74
Colombia,South America,2023,89.99,,6.157049109336498,93.8429508906635,0.008338007411130803,0.014449762236939483,0.025290827326416094,6.108970512362012,107.66249060229671,0.010761147364974,0.9065335845947265,2.514530317941269,52.32
Czech Republic,Europe,2000,127.23,17027.720864187268,3.2410785364149035,96.7589214635851,0.009337278800681654,0.009528200766111976,0.009380188921286874,3.212832867926823,204.98082381397967,0.004414074588567,0.14119918823242186,3.545965359210664,10.24
Czech Republic,Europe,2001,127.17,17763.3121188529,3.013097470943663,96.98690252905634,0.008761657036598428,0.0035789614894734556,0.00697861928416802,2.993778233133423,210.11556776310374,0.0044673886150121,0.14163774490356443,3.922819870585469,10.23
Czech Republic,Europe,2002,123.99,18267.04058470191,2.902902776633425,97.09709722336657,0.008214427533861396,0.00680789988976391,0.012614481544493706,2.8752659676653063,203.9824899111787,0.004519450943917,0.14020305633544922,3.6264298637775747,10.24
Czech Republic,Europe,2003,127.59,19155.994277828846,2.919991489919454,97.08000851008055,0.005081711999250541,0.005511485217957932,0.011482713714682655,2.897915578987563,219.44807505756359,0.0045732827857136,0.14109420776367188,4.066875775046639,10.25
Czech Republic,Europe,2004,128.31,20340.774718843422,3.0161455407457822,96.98385445925422,0.0031093843507829042,0.00825303231929319,0.006468299160710649,2.998314824914995,188.11153398219292,0.0046277958899736,0.1405013561248779,3.9625238477364517,10.26
Czech Republic,Europe,2005,125.71,21916.261988656785,3.0478626812272864,96.95213731877271,0.008706637687630657,0.004127719145715204,0.00938787849758884,3.0256404458963515,206.827598680519,0.0046811099164187,0.13778053283691405,3.990923448677698,10.28
Czech Republic,Europe,2006,126.53,23677.967532727158,3.1586518946539,96.8413481053461,0.005863621237340403,0.007534180447225172,0.015383896439259626,3.129870196530075,187.52721109612799,0.0047356174327433,0.13785404205322266,3.6530178895080803,10.3
Czech Republic,Europe,2007,128.36,25216.16081825665,3.3499975453016617,96.65000245469834,0.009826580087202292,0.008965365871303583,0.011729022919989264,3.319476576423167,214.25499265541677,0.0047912583686411,0.13710536003112792,3.7989870865002753,10.34
Czech Republic,Europe,2008,122.93,26180.549787932472,3.3862061248171784,96.61379387518282,0.009912237861648812,0.009783523035961852,0.011168342401964668,3.355342021517603,201.10397053873402,0.0048447675071656,0.13740103721618652,3.2724465291424436,10.38
Czech Republic,Europe,2009,114.97,25133.871470115348,3.0265859391278553,96.97341406087214,0.008189998786849095,0.007162403689844402,0.010208973446214182,3.0010245632049477,200.03680148895842,0.0048948819749057,0.13490421295166016,3.638048360661212,10.42
Czech Republic,Europe,2010,117.46,25920.401478206066,2.9730724092413965,97.0269275907586,0.004723908163128962,0.005929345556130512,0.0078092152090036065,2.9546099403131336,188.7867590975686,0.0049467980861663,0.13680041313171387,3.882570592020272,10.46
Czech Republic,Europe,2011,115.18,26590.685723454262,3.3008676970203084,96.69913230297969,0.005843181002096286,0.007379731690766976,0.010252896163942668,3.2773918881635025,207.94628303982066,0.004998315591365,0.13646065711975097,3.3689901716602364,10.5
Czech Republic,Europe,2012,111.28,26352.24249955198,3.2158780185842915,96.78412198141571,0.008690181444068409,0.008804462898231162,0.009999578999899323,3.1883837952420926,202.5666893062875,0.0050484277307987,0.13689523696899414,3.4245402184475915,10.51
Czech Republic,Europe,2013,106.71,26330.56259221148,3.1430329730983857,96.85696702690161,0.00513522559731166,0.0067299234700127,0.006779726610466144,3.124388097420595,194.53758464480424,0.005097122862935,0.13066987037658692,3.6504816751870885,10.51
Czech Republic,Europe,2014,104.23,26910.671944390644,3.370341841598119,96.62965815840188,0.004512838833605177,0.0035751713990768976,0.014501579567146783,3.34775225179829,185.29379423142694,0.0051456158980727,0.12760473251342772,3.169304272248652,10.52
Czech Republic,Europe,2015,104.99,28341.33464567827,3.380171511080775,96.61982848891923,0.007144339040471824,0.00967370402874177,0.010983912267042673,3.3523695557445183,192.9009999751414,0.0051957606337964,0.1270180130004883,3.348658965467699,10.52
Czech Republic,Europe,2016,106.64,29039.661588940922,3.432489576304704,96.5675104236953,0.009859172584534231,0.008166076347302868,0.015331350826643669,3.3991329765462233,181.18544124062572,0.0052451714873313,0.12629215240478517,3.2718874853315585,10.53
Czech Republic,Europe,2017,107.74,30513.41575632251,3.438321642091651,96.56167835790835,0.008224670268988073,0.00809046287305686,0.01564795309086304,3.406358555858743,197.56718260172912,0.0052934410050511,0.12677602767944335,3.2513897003706207,10.54
Czech Republic,Europe,2018,106.32,31473.31159688742,3.655551827359716,96.34444817264028,0.007823328131413707,0.0052323752222868366,0.009635969416848657,3.6328601545891663,204.20187535488662,0.0053399815224111,0.12542449951171877,3.474993451813275,10.55
Czech Republic,Europe,2019,101.0,32408.67093632211,3.789855886986686,96.21014411301331,0.00452642570097443,0.00878401784340914,0.01505353666667435,3.7614919067756283,194.22465118805408,0.0053835343569517,0.12615930557250976,3.818622794045058,10.55
Czech Republic,Europe,2020,91.66,30639.002945461616,3.863686871839704,96.1363131281603,0.008616077567607957,0.006907224338661544,0.013201620763339257,3.8349619491700953,169.11849608033307,0.0054222391918301,0.12273841857910156,2.8136850026160403,10.55
Czech Republic,Europe,2021,96.63,31786.109385972402,3.8723164113913384,96.12768358860866,0.011539919955231175,0.008915876700665355,0.01796936896533277,3.833891245770109,183.92421799283673,0.005462716333568,0.1258112716674805,2.963425847536936,10.53
Czech Republic,Europe,2022,95.04,32133.41223685532,3.7461648192507937,96.2538351807492,0.004795720438487711,0.004544794939485051,0.009916930065737904,3.7269073738070833,165.3076680268371,0.0055018118582665,0.1271800136566162,2.955915194569225,10.67
Czech Republic,Europe,2023,83.23,,3.390911035850948,96.60908896414905,0.006906130512668908,0.007852300842373273,0.01367703485523223,3.362475569640673,174.6092425203807,0.0055351061746478,0.1252597713470459,3.5133345310790447,10.81
Denmark,Europe,2000,54.31,39016.28857367109,4.867231243743461,95.13276875625654,0.013407986499957308,0.014595986666737558,0.018608672841126463,4.82061859773564,191.9756143069705,0.0018641882343217,0.09598784446716309,3.512533286512461,5.34
Denmark,Europe,2001,55.9,39419.72175654178,4.698149805121773,95.30185019487823,0.011658633679406255,0.005151164567076262,0.01355841134816238,4.667781595527128,170.9895905642919,0.0018890512874349,0.09866095542907717,3.0964591255939844,5.36
Denmark,Europe,2002,55.55,39717.00130804374,4.681786988726685,95.31821301127331,0.011208345442985355,0.013831629751540639,0.011282182977540474,4.645464830554619,177.30745493132082,0.0019136276096105,0.09659153938293455,3.350226918155816,5.38
Denmark,Europe,2003,60.65,39985.95563794969,4.061759333343389,95.93824066665661,0.009768401902663032,0.007367283747899077,0.01606393030397546,4.028559717388851,193.92063026266496,0.0019406046485528,0.09600127220153809,3.0790178543447433,5.39
Denmark,Europe,2004,55.1,41174.0367084003,4.70568990765527,95.29431009234473,0.008088997672027622,0.012900681354271356,0.01983821162896997,4.664862017000001,184.78710756047533,0.0019664685241878,0.09341427803039551,3.6050054171001147,5.4
Denmark,Europe,2005,51.53,42268.2144111596,4.574719656160809,95.42528034383919,0.00726092041785137,0.011733108161393356,0.013481159152929684,4.542244468428635,170.31807912742627,0.0019905511289834,0.09248797416687012,3.340119775459914,5.42
Denmark,Europe,2006,59.5,44030.21907741256,4.002853061468116,95.99714693853188,0.010482360619549196,0.008542218613853491,0.01574921661237176,3.968079265622342,198.22929866758952,0.0020176912657916,0.09210804939270019,3.548876236452716,5.44
Denmark,Europe,2007,54.71,44476.62906959201,4.351063902480931,95.64893609751907,0.011400774199490673,0.010777143298859,0.013859847291550681,4.315026137691031,189.1705655704477,0.0020435072947293,0.0934771728515625,3.8285064026660884,5.46
Denmark,Europe,2008,51.26,44248.47650972139,3.8621664403311087,96.13783355966889,0.010559721660651429,0.010648113076664533,0.015987903949544035,3.8249707016442485,179.60688827209054,0.0020676548592746,0.09094990730285644,3.035461382667537,5.49
Denmark,Europe,2009,48.85,42096.7316225522,2.7831781964009963,97.216821803599,0.007866600584289734,0.005032767259412277,0.00722971122122747,2.7630491173360667,170.9740721043815,0.0020905642304569,0.0890363597869873,3.573957851646174,5.52
Denmark,Europe,2010,49.19,42933.673634632425,2.7201601608960857,97.27983983910391,0.005502026604813204,0.004499325315648515,0.012704902476200947,2.6974539064994225,189.24228621406206,0.0021152105182409,0.09205016136169433,3.574224679103568,5.55
Denmark,Europe,2011,44.24,43576.42191781216,3.244011862963319,96.75598813703668,0.0064978614818326855,0.007575373587771546,0.00928510414731816,3.220653523746397,187.48508005481895,0.0021361208055168,0.09079715728759766,3.3987955039136515,5.57
Denmark,Europe,2012,39.86,43510.617309896385,3.579141940342936,96.42085805965706,0.009293565451970045,0.009361932524618541,0.011107358642231373,3.5493790837241157,159.3281025540845,0.0021552408579736,0.09002830505371094,3.043287550254859,5.59
Denmark,Europe,2013,41.76,43733.537171170436,3.6023993868425492,96.39760061315745,0.008285258718249738,0.00909451039107949,0.007832610011349316,3.5771870077218706,160.4949426605305,0.002175748348236,0.0963204574584961,3.035739652825206,5.62
Denmark,Europe,2014,37.57,44217.6290490707,4.081703854956274,95.91829614504373,0.009812145672865043,0.010594581947122312,0.009528887190631916,4.0517682401456545,164.903621986903,0.0021935743279755,0.09602587699890136,3.5045428207157627,5.64
Denmark,Europe,2015,35.11,44935.76145125937,4.250277269968592,95.74972273003141,0.011014956258992372,0.007952976994222557,0.015078222898560057,4.216231113816817,152.43881879817636,0.0022106498945504,0.09899783134460449,2.6160173625295178,5.68
Denmark,Europe,2016,36.92,46033.959784895625,4.721632650319734,95.27836734968027,0.013126189212089323,0.01244465812560099,0.013233688258915197,4.6828281147231285,156.38640009576812,0.0022285082377493,0.1013328742980957,2.7734266297883106,5.73
Denmark,Europe,2017,34.66,47029.39983060326,5.244237394413759,94.75576260558624,0.008789291075796894,0.006505047041057157,0.023632844715218912,5.205310211581686,161.30332208267276,0.0022456527221947,0.10186199188232421,3.391744020944508,5.77
Denmark,Europe,2018,34.61,47727.80198708142,5.189445501971335,94.81055449802867,0.009087580030360276,0.010840638502542055,0.010607642622935171,5.158909640815496,134.5422591271586,0.0022625094279646,0.10388080596923828,2.4740156654793797,5.79
Denmark,Europe,2019,30.95,48267.37799852028,5.338930441387873,94.66106955861213,0.006342456520502073,0.005400420617057952,0.016749731152586475,5.310437833097726,161.49460442031875,0.0022775449324399,0.10582204818725587,3.354073593924577,5.81
Denmark,Europe,2020,28.3,47167.454620049044,6.204015857460789,93.79598414253921,0.013379334187050637,0.010231487129077484,0.01868672307971927,6.161718313064941,144.58658678950252,0.0022913350258022,0.10601992607116699,3.323216183534653,5.83
Denmark,Europe,2021,29.6,49244.58530242075,5.949623510995465,94.05037648900453,0.006377309505434931,0.010310239838488172,0.012244223403948536,5.920691738247593,141.561996179908,0.0023059635423123,0.10620450973510742,2.644453430796038,5.86
Denmark,Europe,2022,29.09,50725.73838388955,5.585107202446494,94.4148927975535,0.010785936891479327,0.010010441109085425,0.013254046927936455,5.551056777517993,144.07011087331855,0.0023202334996312,0.10225993156433104,3.0095304719456886,5.9
Denmark,Europe,2023,28.83,,5.317184902146394,94.6828150978536,0.011087868619942137,0.012713040364844915,0.017232613562175238,5.276151379599432,144.14732480329278,0.0023344275541603,0.10340064048767089,2.4602495124507273,5.95
Egypt,Africa,2000,142.84,6078.684938445639,9.560003139636592,90.43999686036341,0.01503867367960019,0.016989236475788067,0.033255367203473,9.49471986227773,100.67549871317986,0.0011571088107302,0.4879833984375,2.337227968831221,73.08
Egypt,Africa,2001,126.37,6371.9495823791,10.943068512748582,89.05693148725142,0.02387412621278322,0.020763238619932,0.035158648235132685,10.863272499680734,129.7374432190332,0.0012148570967838,0.4844250869750977,2.6356262873005614,74.65
Egypt,Africa,2002,128.36,6583.393847687684,11.920863324051325,88.07913667594867,0.012648041945796952,0.017584325559218163,0.04282943314192171,11.847801523404389,114.34596130097734,0.0012732225004583,0.5005812454223633,2.4714468654637023,76.24
Egypt,Africa,2003,149.95,6791.603979114735,10.26044965802194,89.73955034197806,0.011026868078981173,0.01791991209358062,0.038839855086835955,10.192663022762543,121.63049031340776,0.0013414162676781,0.5099687194824218,2.252416223403906,77.85
Egypt,Africa,2004,151.92,7066.129957669372,10.17839595178323,89.82160404821677,0.02692390438488899,0.01480487645998032,0.02065981764594781,10.116007353292414,126.66437449594959,0.0014105078298598,0.5140523147583008,2.0283049672650417,79.48
Egypt,Africa,2005,166.93,7401.848377576349,9.605831439702087,90.39416856029791,0.016525692614811623,0.011012046851287993,0.03258572250048024,9.545707977735507,108.57047472270857,0.0014862576499581,0.5159076690673828,2.3881032149881887,81.1
Egypt,Africa,2006,178.39,7864.578815007965,10.05612903005067,89.94387096994933,0.012611602849754149,0.022192842866142103,0.04917947612026572,9.972145108214509,123.94625116059885,0.0015670618740841,0.528019905090332,1.8641190728257453,82.7
Egypt,Africa,2007,189.2,8465.760555171528,10.778651429583448,89.22134857041655,0.022036807552743523,0.025183517102405413,0.03834070694382185,10.693090397984477,116.66076430659824,0.0016525705577805,0.5237135314941406,2.2713670812328113,84.28
Egypt,Africa,2008,195.86,9029.35516757969,8.82811064812455,91.17188935187545,0.022423287218318756,0.01976596928816023,0.03560047561397561,8.750320916004096,129.65342251125318,0.0017417073249816,0.5356566238403321,2.856809320106042,85.86
Egypt,Africa,2009,205.24,9501.708413699927,10.927335174067025,89.07266482593297,0.01564403258420611,0.021056844709652137,0.03207819306054025,10.858556103712628,98.75056903723632,0.0018348291050642,0.5305954360961914,2.137578425357692,87.5
Egypt,Africa,2010,202.7,10076.132143205452,10.377581030040815,89.62241896995918,0.023305773801345523,0.018260096445775267,0.044851636790081396,10.291163523003613,118.88754560983395,0.0019264472648501,0.5026629638671875,2.9867035231942873,89.2
Egypt,Africa,2011,221.68,10133.074715511277,9.429191963749801,90.5708080362502,0.011038707225841111,0.025710269384904682,0.04072245900404716,9.351720528135008,115.89644600519375,0.0020267327781766,0.518062744140625,2.661875881857632,91.09
Egypt,Africa,2012,212.52,10200.484185431673,9.563923407128073,90.43607659287193,0.0105524834527383,0.019492840277284273,0.034084753230864455,9.499793330167186,124.92157088928168,0.0021229709964245,0.5292283248901367,2.3025756177308345,93.16
Egypt,Africa,2013,219.09,10327.493048087552,10.777754760793883,89.22224523920612,0.022231374580900853,0.02110676428661385,0.053113222412932315,10.681303399513435,124.46308189134086,0.0022219375241547,0.5153428268432617,2.4996033242168854,95.33
Egypt,Africa,2014,227.25,10619.666996391983,11.248150146417956,88.75184985358204,0.023410440191012773,0.011825001758928193,0.02673292329253195,11.186181781175483,112.56623312641784,0.0023247806821018,0.5143813705444336,2.2868485192593546,97.53
Egypt,Africa,2015,226.65,10839.763706144986,13.187642232368617,86.81235776763138,0.030000037210713253,0.02218815075898211,0.027045783688450845,13.10840826071047,110.5337731064023,0.0024270806461572,0.503122673034668,1.7938873406985987,99.6
Egypt,Africa,2016,245.16,11034.31748905891,12.43634207249174,87.56365792750826,0.030496182476585296,0.02189282761185891,0.05360653705903281,12.330346525344263,118.24002422808859,0.0025380419101566,0.5065254974365234,2.1097207127041115,101.64
Egypt,Africa,2017,253.36,11167.835517985714,11.841775710688736,88.15822428931126,0.03495341861429781,0.02128731555007724,0.052358015932723614,11.733176960591637,111.10681281320416,0.0026525920256972,0.5105448913574219,2.1094807329173086,103.7
Egypt,Africa,2018,241.9,11550.317722637436,11.739333511928407,88.26066648807159,0.023861377473993466,0.02536100738545905,0.027712125283430526,11.662399001785523,127.34013390840629,0.0027621127665042,0.5030656051635742,1.9265759916777196,105.68
Egypt,Africa,2019,234.06,11987.127831791533,11.59193612748166,88.40806387251834,0.019079317740065025,0.023962909405720708,0.0324197299635987,11.516474170372275,114.44419965018085,0.0028681452386081,0.4691196060180664,2.3453552348783866,107.55
Egypt,Africa,2020,246.32,11963.378592602352,10.576060922962299,89.4239390770377,0.027395936204907045,0.023434543516487338,0.021709026438846916,10.503521416802057,90.49592808025457,0.0029797947499901,0.4651144409179688,1.8732132958881609,109.32
Egypt,Africa,2021,266.84,12626.383064142728,11.45894710296919,88.54105289703081,0.01766585198494953,0.028988460770884784,0.033000917773277995,11.37929187244008,116.32371362457553,0.0031005861237645,0.47177871704101565,1.8593112475997362,110.96
Egypt,Africa,2022,249.9,12967.94546603334,11.596114184222245,88.40388581577776,0.02177683962044788,0.030451065096814427,0.05008855272013791,11.493797726784843,108.08958351486119,0.0032137583475559,0.4923851776123047,2.350697195820979,112.62
Egypt,Africa,2023,250.23,,12.874691232791875,87.12530876720813,0.01489489460283957,0.03136591697990943,0.045755128060803923,12.782675293148321,100.86535980031915,0.0033270814456045,0.48999481201171874,2.328607580212395,114.54
Ethiopia,Africa,2000,3.46,746.5635521870038,10.27427408212752,89.72572591787248,0.010795195054199718,0.029908898770544482,0.03127783675723028,10.202292151545544,89.81726560882427,0.0022172161843627,0.5586362457275391,2.005186593400655,67.41
Ethiopia,Africa,2001,4.26,754.5807237696961,8.498504777500045,91.50149522249995,0.024860649079886426,0.008808404159462492,0.02647469407623793,8.438361030184456,104.78625490536668,0.0022376517299562,0.5840031814575195,2.0793596259231757,69.49
Ethiopia,Africa,2002,4.43,760.8206194521849,8.14549639490157,91.85450360509843,0.021764442510584674,0.011334914148074403,0.01632407064995932,8.096072967592953,117.2649262049083,0.0022910109255462,0.646329574584961,2.55367146480409,71.64
Ethiopia,Africa,2003,4.87,729.9213663616417,9.26953693290045,90.73046306709955,0.022172254148363657,0.009409745630758045,0.02687611005410788,9.21107882306722,106.24392008687214,0.0023660501465201,0.636835823059082,2.4039688295329618,73.83
Ethiopia,Africa,2004,5.16,734.0619273753346,10.149963034741432,89.85003696525857,0.01845167757224845,0.023293651863939422,0.039984523062814234,10.06823318224243,96.35744993275576,0.0024372350890189,0.6504317474365234,2.1339402698399987,76.08
Ethiopia,Africa,2005,4.96,786.4841654719108,12.54239564600131,87.45760435399869,0.01688944749706798,0.03506930454025428,0.06174098774344546,12.428695906220543,105.03106277278135,0.0025079804472625,0.677928695678711,1.9331133292340734,78.37
Ethiopia,Africa,2006,5.32,832.8898041528437,12.777931298644873,87.22206870135513,0.016775814866273504,0.01900033141482133,0.05802691775621049,12.684128234607568,95.71393366307434,0.0025811020750552,0.7151866149902344,2.1144031682625437,80.7
Ethiopia,Africa,2007,5.84,883.5010952885121,10.777935282839536,89.22206471716046,0.01617213880565596,0.030760971940381937,0.02231878557153027,10.708683386521969,94.99380160029685,0.0026408915873616,0.7810756683349609,2.3785450208523935,83.1
Ethiopia,Africa,2008,6.42,932.348391587595,10.991975606014293,89.0080243939857,0.023066147807258828,0.012316890973816283,0.051614819953362444,10.904977747279856,90.26296320677535,0.0027036101091653,0.8127967834472656,1.7652186937248866,85.54
Ethiopia,Africa,2009,6.45,981.6309815871556,10.073146426129142,89.92685357387086,0.024469605155874322,0.028898568273853707,0.04381410974586549,9.975964142953549,85.00982066562202,0.0027722408995032,0.8476603698730468,2.489538932389682,88.01
Ethiopia,Africa,2010,6.34,1039.8737214364387,9.962218380653525,90.03778161934648,0.023116279263046765,0.01696810237640047,0.04324726884749295,9.878886730166585,98.69156282104255,0.0028461939655244,0.884666976928711,1.9213757249410657,90.54
Ethiopia,Africa,2011,7.35,1126.66296462961,10.826708233938874,89.17329176606113,0.016888233487985346,0.013022815670866944,0.0365291758332169,10.760268008946804,103.55082477996481,0.0029142349958419,0.8781061553955078,2.166535300481478,93.15
Ethiopia,Africa,2012,7.99,1214.4751285379225,16.981877987870902,83.0181220121291,0.049412689370023834,0.03348390785237965,0.054240387946182356,16.844741002702317,96.11536133908929,0.0029857866466045,0.909084014892578,1.836100102623528,95.8
Ethiopia,Africa,2013,9.74,1303.4532291408977,17.94862954671426,82.05137045328574,0.044437106349584296,0.027166204527298628,0.05220802569552829,17.82481821014185,92.27328682913432,0.0030545748304575,0.9375775909423828,2.0433538400422275,98.44
Ethiopia,Africa,2014,11.54,1403.8439408394045,18.20779223488441,81.79220776511559,0.03839491906027198,0.028581605459426982,0.040004059497992205,18.100811650866717,86.88957345600052,0.0031048995442688,0.9678365325927735,1.3675666675054254,101.12
Ethiopia,Africa,2015,12.56,1512.5779574849178,23.13186689002744,76.86813310997256,0.051432352641550015,0.037348248020659565,0.06210226392385471,22.980984025441373,98.54463646131576,0.0031420385930687,0.9904410552978515,1.9129016437360358,103.87
Ethiopia,Africa,2016,14.32,1627.7352652893771,22.99545778196446,77.00454221803554,0.04229324882370025,0.0599273540448347,0.06300320599497734,22.83023397310095,79.50603765273664,0.003173827426508,1.018232421875,1.444460242339216,106.72
Ethiopia,Africa,2017,14.6,1739.470945516425,24.167708877909106,75.8322911220909,0.03614188974650977,0.05022829442376782,0.08343251884150062,23.997906174897327,99.4913531345114,0.0032030441798269,1.0402089691162109,2.13246315451987,109.67
Ethiopia,Africa,2018,16.12,1830.2676954747906,22.888031737789106,77.1119682622109,0.03918305967130086,0.03713847273479053,0.09709865737683245,22.714611548006182,82.81184626353432,0.0032287945505231,1.0602862548828123,2.1233237528692213,112.66
Ethiopia,Africa,2019,17.18,1917.1445216525717,19.626020415358198,80.3739795846418,0.04937302688670522,0.04358286699824398,0.0671490449261228,19.465915476547128,87.96214973843512,0.0032593908254057,1.1310164642333984,2.101196251949328,115.74
Ethiopia,Africa,2020,16.74,2000.2089939030927,22.6915354888461,77.3084645111539,0.023344756204946915,0.055192652367839413,0.04932080911008123,22.563677271163233,78.3047416508178,0.0032924187835305,1.1837357330322265,1.0413780581554173,118.92
Ethiopia,Africa,2021,17.91,2062.000292200856,20.55884698316497,79.44115301683503,0.025331486293392182,0.03176851721320292,0.10019085584798748,20.401556123810387,89.71170577707015,0.0033223386853933,1.1462213134765624,2.5480081883114862,122.14
Ethiopia,Africa,2022,16.96,2153.198266904022,17.3643330275832,82.6356669724168,0.01896194342001202,0.03172634167187124,0.08383800314502174,17.229806739346294,106.94375533545035,0.0033524823375046,1.1643083953857423,2.2996840675534664,125.38
Ethiopia,Africa,2023,17.57,,16.76059670300552,83.23940329699448,0.018125874762734907,0.02084636401125645,0.0730019292103939,16.648622535021133,102.84006745903162,0.0033845261204987,1.186945343017578,1.912491337196606,128.69
Finland,Europe,2000,57.02,32689.977816145714,2.611387062691719,97.38861293730828,0.0070792644661498115,0.0035574891982714874,0.012988996696473843,2.587761312330824,205.81695290079105,0.002327796537429,0.10610700607299804,3.8402096221099393,5.18
Finland,Europe,2001,62.52,33482.065523701945,2.489369094106422,97.51063090589358,0.005992697350037849,0.0058804765643154615,0.00904499066289267,2.468450929529176,209.63758399264802,0.0023634331300854,0.1026278018951416,3.9070582906331754,5.19
Finland,Europe,2002,65.05,33987.08980688189,2.447453133043311,97.55254686695669,0.004768489580257146,0.0033355768380870384,0.011963897511753068,2.427385169113214,197.07018143238278,0.0024009228218346,0.10038938522338867,3.4530682878326555,5.2
Finland,Europe,2003,72.66,34607.695309457704,2.0445078133096786,97.95549218669032,0.0024445532250288123,0.0041919090956525846,0.004552740915418985,2.033318610073578,216.56017887424073,0.0024423839058727,0.09740550041198731,4.024337862190474,5.21
Finland,Europe,2004,68.95,35889.18290055731,2.2050838286180294,97.79491617138197,0.004373192260842085,0.0053320967195504354,0.00682923777052033,2.1885493018671167,205.93365172893877,0.0024826684966683,0.09506606101989747,3.612696741376928,5.23
Finland,Europe,2005,57.06,36787.62163200776,2.69244537647441,97.30755462352559,0.005242039136732982,0.0032679659313509185,0.007205371011915091,2.6767300003944112,208.17146894770698,0.0025180554948747,0.08865073204040527,3.7094349053563054,5.25
Finland,Europe,2006,68.37,38161.297885895234,2.4117259175687593,97.58827408243124,0.003247156794835472,0.005148129084433733,0.006240339008709645,2.397090292680781,199.97023310685768,0.0025579363573342,0.0931138515472412,3.493639988983198,5.27
Finland,Europe,2007,66.76,39998.636734632135,2.473883802232251,97.52611619776775,0.0046204809374753904,0.0037432968319410917,0.005992758008180883,2.459527266454654,217.94875272564047,0.0025979331694543,0.0903466796875,3.557378656688352,5.29
Finland,Europe,2008,58.62,40130.03885211275,2.813821560792576,97.18617843920742,0.005056463988243072,0.008232830366812827,0.010881725894694622,2.7896505405428256,204.9462274241333,0.0026342540513724,0.08633673667907715,3.8228905798507475,5.31
Finland,Europe,2009,55.92,36663.13639031897,2.3648192570546342,97.63518074294537,0.005277567599720366,0.004651815371111064,0.010272693425395938,2.344617180658407,210.19910826923203,0.0026683222968131,0.08128533363342286,4.038775563262614,5.34
Finland,Europe,2010,64.09,37615.6966233958,2.4049161810603863,97.59508381893961,0.00545961017598101,0.006281605230597179,0.008982109896862815,2.3841928557569454,199.57921486176687,0.0027065656613558,0.08584710121154786,3.847732516611182,5.36
Finland,Europe,2011,56.65,38432.67101923524,2.7265697914307623,97.27343020856924,0.0029736188803810436,0.0057270319280040985,0.0066552518361515985,2.7112138887862254,199.0451838412703,0.0027412264607846,0.0827547264099121,3.9307005172508944,5.39
Finland,Europe,2012,51.15,37715.37246586521,2.784120712790738,97.21587928720926,0.004870054192099245,0.0030258521766223594,0.012343040891107535,2.7638817655309094,206.17726500804648,0.0027737396303564,0.08124363899230957,3.8961383031332035,5.41
Finland,Europe,2013,51.72,37202.958381572396,2.813506936879122,97.18649306312088,0.006335229365632296,0.0063762585115358025,0.010994802814196486,2.7898006461877576,177.6433190629957,0.0028068812098354,0.0798115348815918,3.1824754555428605,5.44
Finland,Europe,2014,47.62,36913.62384252775,2.8560644328315448,97.14393556716846,0.005730043578828592,0.008290602926738527,0.00903800766760585,2.8330057786583716,162.11903369813774,0.0028387419879436,0.07847029209136963,3.345803698499561,5.46
Finland,Europe,2015,44.19,36992.17181063481,2.805556231736645,97.19444376826335,0.007611417054466699,0.006181267813932575,0.011285043818404294,2.7804785030498413,153.47262844262292,0.0028696975205093,0.07722237110137939,2.5483067931293863,5.48
Finland,Europe,2016,47.25,37923.20054670503,3.057474641611236,96.94252535838876,0.007085352792142711,0.008066772970386922,0.00849890793301284,3.033823607915694,183.46800580969935,0.0029028104618191,0.07664816856384277,3.1652866782014453,5.5
Finland,Europe,2017,44.66,39042.00049397302,3.28890509299697,96.71109490700303,0.004360656827102285,0.009105047374131803,0.009983723423732384,3.2654556653720035,153.39397937480175,0.0029361408669501,0.07502679824829102,2.665043648569855,5.51
Finland,Europe,2018,45.74,39434.480515362426,2.959051056523336,97.04094894347666,0.0033766841096288767,0.004308850436837516,0.01406276447344143,2.9373027575034283,170.24494155020682,0.0029709686059504,0.07426118373870849,3.5479358825451017,5.52
Finland,Europe,2019,42.44,39873.90448107612,2.8875734286977632,97.11242657130224,0.006597639104361269,0.004112163519520696,0.008291706131876844,2.8685719199420046,173.55657669798805,0.0030051276553422,0.07283426761627197,3.5597417814098318,5.52
Finland,Europe,2020,37.72,38879.53410598494,3.246508773398901,96.7534912266011,0.0034186471779342575,0.007213619054768263,0.011070480654705693,3.2248060265114926,163.8261502172558,0.0030372070614248,0.07144605636596679,3.267409974589591,5.53
Finland,Europe,2021,37.82,39981.179953904204,3.39776611245631,96.60223388754369,0.007378422951567052,0.006190923324384296,0.015869006400755104,3.3683277597796035,166.13941949821455,0.0030711698345839,0.07257866382598877,3.4798096715349724,5.54
Finland,Europe,2022,36.34,40607.409810209545,3.367797918162424,96.63220208183758,0.009700808817491075,0.009024764212841867,0.013885983306535085,3.3351863618255555,161.7248081421798,0.0031057191081345,0.06433591365814209,2.8238120955512804,5.57
Finland,Europe,2023,31.8,,3.228897162723669,96.77110283727633,0.006945191043051992,0.009041061381774736,0.007060337786873741,3.205850572511969,165.62307427746674,0.0031396762933582,0.058230013847351075,3.254547724397762,5.6
France,Europe,2000,407.44,34155.16326310212,4.325566883921439,95.67443311607856,0.00768367684018776,0.0073830625126847915,0.010562641278544662,4.299937503290023,151.81385277824833,0.0136393941938877,0.8639652252197265,2.891469315937024,59.48
France,Europe,2001,411.59,34684.6201198525,4.248986155963848,95.75101384403615,0.009715631624876262,0.006261905607639833,0.008597928743819523,4.224410689987513,154.79665711496003,0.0137957837432622,0.8625666809082031,3.2308111450048345,59.91
France,Europe,2002,407.03,34931.42282091871,4.238830339869395,95.7611696601306,0.008123742850965971,0.010855860809985142,0.016500771959263066,4.20334996424918,152.8581637241267,0.0139500126242637,0.8489481353759766,2.9111633498203684,60.33
France,Europe,2003,412.99,35082.34203005052,4.141374462362862,95.85862553763714,0.008660581337381722,0.006417523857807325,0.013844698799145358,4.112451658368527,169.3821634278862,0.0141075337305665,0.8360430908203125,3.0946317483231547,60.74
France,Europe,2004,414.07,35911.31635538716,4.285135127765045,95.71486487223495,0.012353742975050822,0.011335162153495977,0.010296427896660356,4.251149794739838,169.72497140966829,0.0142661100253462,0.8277120208740234,3.3778720981229893,61.18
France,Europe,2005,416.34,36329.23899770533,4.213235442332817,95.78676455766718,0.007466718078253642,0.0077838534994231785,0.020534476855434594,4.177450393899705,165.19021067672116,0.0144257834181189,0.8185260772705079,3.4058941209849083,61.63
France,Europe,2006,406.67,37018.92565509163,4.459228165419219,95.54077183458078,0.013031564234496775,0.010412742790905795,0.01600407700815787,4.4197797813856585,170.69883618002092,0.014581250026822,0.809538345336914,3.030677820426294,62.05
France,Europe,2007,396.46,37715.52310475205,4.681119739147306,95.3188802608527,0.013157229260967736,0.005575544225901502,0.012759233899812242,4.649627731760624,145.27664408228162,0.0147326625883579,0.8086512756347656,2.806103603910793,62.43
France,Europe,2008,389.79,37630.531774316,4.641666692763835,95.35833330723617,0.006459261070943658,0.01043316078940661,0.016254238153049976,4.608520032750434,172.62990538092922,0.0148820215836167,0.811343994140625,2.9445462960023714,62.78
France,Europe,2009,371.4,36372.71033917922,4.326655833076487,95.67334416692351,0.0049268607871191025,0.0082359423578842,0.017474761496870182,4.296018268434613,168.85393584875712,0.015024003572762,0.7983634185791015,2.452244668332232,63.11
France,Europe,2010,377.08,36937.68189929238,4.248470820613264,95.75152917938674,0.0051047756170367045,0.009232848698464847,0.009468641920067716,4.224664554377695,161.5254097771485,0.0151701653376221,0.798013916015625,3.1445444458584944,63.42
France,Europe,2011,355.13,37553.11694717413,4.562043285973502,95.4379567140265,0.004728300800717167,0.006095019462754724,0.012883718657158632,4.538336247052872,168.74463314545523,0.0153066487982869,0.7743303680419922,3.3825857372036734,63.73
France,Europe,2012,358.1,37479.76776732006,4.182760963673033,95.81723903632697,0.004972825622760236,0.0103470944346892,0.018491553190248512,4.148949490425336,134.80923883978386,0.0154467979446053,0.7666746520996094,2.7355678641625594,64.06
France,Europe,2013,360.01,37503.005684467615,4.076706015647986,95.92329398435201,0.009645541659477551,0.011111446088255948,0.013775167658353715,4.042173860241899,146.2248247538102,0.0155897000804543,0.7652967834472656,2.254728680734653,64.39
France,Europe,2014,327.81,37683.23945797731,4.3216313936477775,95.67836860635222,0.00493693358976194,0.006194970442298257,0.015729577595466695,4.294769912020251,139.7271320495025,0.0157191809266805,0.7553873443603516,2.6303792837690976,64.69
France,Europe,2015,332.13,37971.23998208648,4.059849802481224,95.94015019751878,0.006649836101770127,0.0048370232411274385,0.01339120348820493,4.034971739650121,154.89725702351816,0.015851566568017,0.7412834167480469,2.3128517843609666,64.92
France,Europe,2016,335.5,38286.628841388294,3.971532840407704,96.0284671595923,0.010682432927537424,0.004159295681975361,0.008466115872511538,3.94822499592568,137.55812933214068,0.0159866847097873,0.7413337707519532,3.1118404016105066,65.09
France,Europe,2017,338.37,39045.206277926205,3.8578890159171806,96.14211098408282,0.004037450106425927,0.008811198616101074,0.009634110796710973,3.8354062563979427,155.9522785863052,0.0161283556371927,0.7387986755371094,2.6694200827454573,65.28
France,Europe,2018,323.1,39630.91356758214,4.2214649172029794,95.77853508279702,0.011097965168036456,0.009347117266786874,0.014085445025712007,4.1869343897424445,159.77922786680045,0.0162577703595161,0.7392350006103515,3.4330887287067764,65.52
France,Europe,2019,316.32,40232.398011880825,4.1801201375757415,95.81987986242426,0.006536493777380069,0.008750641865669023,0.01098350140447098,4.153849500528221,152.10766204727352,0.0163948033004999,0.7151362609863281,3.2174834858616204,65.73
France,Europe,2020,281.52,37001.502644924934,4.28120947360992,95.71879052639008,0.005292986232532556,0.006267237684145969,0.009204331020158754,4.260444918673082,143.58467705714114,0.0165113098919391,0.6869743347167969,2.52717772715344,65.91
France,Europe,2021,307.27,39417.116060522596,3.9953148296242063,96.0046851703758,0.009562683487883654,0.00711889987448485,0.018102567700629603,3.9605306785612084,134.1229975153791,0.01663907058537,0.6755429840087891,2.306132474865742,66.08
France,Europe,2022,295.3,40308.88784599797,4.129423790486555,95.87057620951344,0.009323766899184942,0.009039113233284641,0.020414126899907032,4.090646783454178,133.87253214742157,0.016760665923357,0.6572095489501953,2.747071579274647,66.28
France,Europe,2023,270.26,,4.193847492882483,95.80615250711752,0.011553815100892434,0.00836057638402975,0.018366655746591465,4.155566445650969,151.68384711212747,0.0168717615306377,0.648909912109375,2.673644342639118,66.44
Germany,Europe,2000,898.98,33235.35069505694,3.1502933127224964,96.8497066872775,0.00778167210006515,0.00937392155019664,0.014369605413493532,3.1187681136587413,203.19559578194173,0.0346318483352661,1.0074989318847656,3.78187492515853,81.8
Germany,Europe,2001,915.25,34093.01484398115,2.847751203791759,97.15224879620824,0.00742397877724611,0.0036248441429687327,0.007762774400034843,2.8289396064715095,196.69680770061305,0.0350411012768745,0.9695263671875,3.5023006459677335,81.93
Germany,Europe,2002,898.83,34391.3643916323,2.7842051550466635,97.21579484495334,0.0043546893767554915,0.006655055256810513,0.013592158041995534,2.759603252371102,191.21168159262018,0.0354438014328479,0.9347005462646485,3.0250393811422325,82.07
Germany,Europe,2003,894.5,34485.693267355986,2.880069442842853,97.11993055715715,0.0039021458588267654,0.0052090017012129276,0.007461617997405571,2.863496677285408,174.58763835865494,0.0358454883098602,0.9024065399169922,2.6242618080011413,82.11
Germany,Europe,2004,876.57,35260.43931315895,2.980572661213273,97.01942733878673,0.0074550962769015395,0.00553313279279195,0.014468562367909964,2.9531158697756696,182.3294496299858,0.0362396910786628,0.8716136169433594,3.485276468628152,82.09
Germany,Europe,2005,867.88,35899.79543407292,2.8592051368859615,97.14079486311404,0.0074730171991479735,0.006962723572461452,0.01425158758051406,2.8305178085338376,211.44986600749394,0.0366298481822013,0.8411779022216797,3.714730532220715,82.05
Germany,Europe,2006,886.43,37775.8224170259,2.8646458046151935,97.1353541953848,0.008539538603579203,0.006831814436325687,0.011845792857818506,2.83742865871747,181.70058738749412,0.0370289236307144,0.8135591888427735,3.241282453125666,81.7
Germany,Europe,2007,846.15,39610.495243666475,3.151019557293793,96.8489804427062,0.0057513522965598664,0.00939795360217437,0.015576848376764325,3.1202934030182945,192.63775362350466,0.0374108925461769,0.815707778930664,3.79096320970421,81.3
Germany,Europe,2008,856.64,40549.73210064063,2.9925959180864226,97.00740408191358,0.005219195528082037,0.0037610603711384664,0.011098399094733912,2.972517263092468,202.17147475285395,0.0377973020076751,0.7966217041015625,4.086776279035396,81.11
Germany,Europe,2009,789.98,38753.21512520696,2.8945506627973288,97.10544933720267,0.0073892839630376956,0.003497251972054401,0.008042871847142516,2.875621255015094,173.22063541425095,0.0381521694362163,0.7714189147949219,3.189766750219472,80.94
Germany,Europe,2010,826.7,40839.8588924317,2.826307722634553,97.17369227736545,0.0047527390780711535,0.00692071650794443,0.009357869984517918,2.8052763970640195,191.40669913366804,0.0385247468948364,0.7600130462646484,3.4603275740657304,80.83
Germany,Europe,2011,804.54,42886.52010539431,3.071224081976638,96.92877591802336,0.008788352707716315,0.0066239357383972505,0.011611324080520995,3.0442004694500033,196.52273915884166,0.0388862378895282,0.7445560455322265,3.7944067364756315,80.86
Germany,Europe,2012,814.09,43034.8585541587,2.981110502995179,97.01888949700482,0.008099157043843572,0.004615716988174371,0.006615813642392442,2.961779815320768,188.22743239235996,0.0392533503472805,0.7301705932617187,3.104558247367886,80.92
Germany,Europe,2013,831.75,43156.403136323315,2.864712420689642,97.13528757931036,0.005322601457935417,0.0033197397262618097,0.011077928281623982,2.844992151223821,218.49782092285037,0.0396288111805915,0.7153376770019532,4.062911051189914,81.04
Germany,Europe,2014,792.58,43928.6508162878,3.0621245386267475,96.93787546137325,0.007660645982685171,0.0035867169946768368,0.01513771526937309,3.0357394603800123,168.78239860062916,0.039986252784729,0.7031719970703125,3.3660841691567125,81.38
Germany,Europe,2015,800.82,44203.00219693459,2.963383898817412,97.03661610118259,0.007435384306877334,0.008263045579715625,0.007616853642868178,2.940068615287951,196.27179210800753,0.0403470359742641,0.6926731872558594,3.844417736253409,82.08
Germany,Europe,2016,797.99,44816.03878234708,2.96738663203368,97.03261336796632,0.003579403411688362,0.004106075701022606,0.012990581722135346,2.946710571198834,183.03556263925606,0.0407070852816104,0.677248306274414,2.8475431914773575,82.76
Germany,Europe,2017,784.6,45826.783154386896,3.103626915596635,96.89637308440336,0.008706001903437998,0.005110876283437154,0.014660591230229707,3.0751494461795303,190.76527645631916,0.0410608127713203,0.6743343353271485,3.323837842358425,83.1
Germany,Europe,2018,758.77,46129.631688066576,3.1690913800273677,96.83090861997263,0.006371473256553129,0.004605681081078495,0.015310212509428711,3.1428040131803074,184.68911585681823,0.0414015688002109,0.6503610992431641,3.1915468778620517,83.37
Germany,Europe,2019,708.65,46510.65742186999,3.3640935514863486,96.63590644851365,0.008924654016107952,0.005752575117987741,0.016418145088971135,3.3329981772632817,167.8235834757969,0.0417202301323413,0.630426025390625,3.2151434219355144,83.56
Germany,Europe,2020,647.18,44754.021305458125,3.5876414471093767,96.41235855289062,0.0058840878746858625,0.0040857771584163535,0.012787713532834257,3.5648838685434403,171.32938522125158,0.0420114248991012,0.6104490280151367,3.38549353747042,83.63
Germany,Europe,2021,678.0,45892.18342482199,3.543474284216302,96.4565257157837,0.009890001346405592,0.007222024326324595,0.01747614488761998,3.5088861136559517,153.3911148110855,0.0423172302544117,0.6024533843994141,3.4032709592111625,83.7
Germany,Europe,2022,667.84,46495.281015986126,3.401065076211353,96.59893492378865,0.006048465550502538,0.003860974533704556,0.014529114044452682,3.3766265220826934,176.85049470988156,0.0426173955202102,0.5891347122192383,3.1811182712476826,84.09
Germany,Europe,2023,593.77,,3.331453244166326,96.66854675583367,0.0034036635025326946,0.008664153813115201,0.008278708980554621,3.311106717870124,166.49888666418155,0.0428844653069973,0.5743983459472656,3.0147104371341404,84.55
Ghana,Africa,2000,5.31,2116.8811884757843,0.0,100.0,0.0,0.0,0.0,0.0,118.55099630351171,0.000812666316051,0.09467506408691406,2.7417175465198116,19.64
Ghana,Africa,2001,5.97,2155.1322101625756,0.0,100.0,0.0,0.0,0.0,0.0,122.94886689993461,0.0008248159429058,0.08627197265625,2.5561549519580455,20.17
Ghana,Africa,2002,6.48,2200.0831403062857,0.19476532069641905,99.80523467930358,0.0003191477667524936,0.0005375830921506576,0.0005340505891878101,0.1933745392483281,116.02243773741316,0.0008370828581973,0.08651928901672364,2.736654457155003,20.73
Ghana,Africa,2003,6.68,2262.453981013969,0.07631308366347866,99.92368691633652,0.00022131740041755305,0.00017565400190100547,0.00029928812762174025,0.07561682413353836,113.93086939824254,0.0008498909301124,0.0907555103302002,2.4095123112748316,21.3
Ghana,Africa,2004,6.45,2332.872492088776,0.8260233426402408,99.17397665735976,0.0023964707287423663,0.0017064944873067967,0.0033039293530035046,0.8186164480711882,102.88830783476317,0.000861321168486,0.09070429801940919,1.7990779397422294,21.87
Ghana,Africa,2005,6.11,2413.3383771697527,0.38448394977832834,99.61551605022167,0.0008254392781346967,0.000633886194666786,0.0009566342199389753,0.38206799008558784,104.74863647619354,0.0008729562396183,0.0990758228302002,1.7760396771857547,22.45
Ghana,Africa,2006,8.52,2505.812367104755,0.825224348638713,99.17477565136129,0.0018680392523557586,0.0013748269222365063,0.003049415173959814,0.8189320672901608,124.16651516303264,0.0008852594182826,0.09914827346801758,2.0212105678908436,23.04
Ghana,Africa,2007,8.98,2555.1405378177506,0.6684094664159659,99.33159053358403,0.0012678999305402818,0.0015633923034089096,0.002884107128350165,0.6626940670536664,126.86788448716187,0.0008986736647784,0.09744528770446775,2.7285017022221325,23.64
Ghana,Africa,2008,8.32,2728.087595703825,1.0969579037392236,98.90304209626078,0.0017402376506905615,0.0032780159631588695,0.003835718434540249,1.0881039316908339,109.4875038877864,0.0009111276594921,0.11561783790588381,2.608379109130685,24.25
Ghana,Africa,2009,6.87,2797.9626647454998,0.9262273385624837,99.07377266143752,0.0015350635128381356,0.0021522544413035646,0.0018860853900445024,0.9206539352182975,111.92883535464297,0.0009233308956027,0.10970082283020019,2.845670008090202,24.86
Ghana,Africa,2010,8.94,2955.7059980765457,0.4770111222211426,99.52298887777886,0.0011186086891166191,0.0010091489099731815,0.000966956595278308,0.47391640802677454,103.38049491850857,0.0009367976454086,0.11051480293273926,2.4070195183931093,25.48
Ghana,Africa,2011,10.33,3301.780548992912,0.6360008191852558,99.36399918081474,0.0015930224532982274,0.001565389465285827,0.001953214504084818,0.6308891927625869,124.38520327744405,0.0009507238864898,0.1345279598236084,2.839014825699601,26.1
Ghana,Africa,2012,12.64,3494.4602871751927,0.6939681952285923,99.30603180477141,0.0017926295559389962,0.0013396439935620807,0.0033161840687602777,0.6875197376103309,119.8815797784522,0.0009653063607402,0.1329846954345703,2.2441003766591296,26.73
Ghana,Africa,2013,12.61,3658.319945200123,1.411869444662301,98.5881305553377,0.0036415449021875495,0.001581695716359222,0.003792324162802934,1.4028538798809513,131.96628328774372,0.0009800826665014,0.14566516876220703,2.2645357875807424,27.39
Ghana,Africa,2014,13.26,3674.8562638312405,1.8225028446763076,98.17749715532369,0.002154949609192465,0.0038720779376561483,0.007113394571936633,1.8093624225575224,103.5407422217792,0.0009949429659172,0.1496820068359375,2.411675675273733,28.04
Ghana,Africa,2015,14.57,3667.208580331433,1.8615399671898984,98.1384600328101,0.003702306282778025,0.005426855448586624,0.004963289261512133,1.8474475161970216,108.79204462688622,0.0010098636848852,0.1528693675994873,2.365976939702,28.7
Ghana,Africa,2016,13.91,3705.590398673749,0.8530362346446054,99.1469637653554,0.0009512356504754268,0.001152115758386402,0.002529260939621262,0.8484036222961224,115.42363666377905,0.0010246461024507,0.1505080509185791,2.3790114989227327,29.36
Ghana,Africa,2017,12.44,3919.8104578110288,5.054463765188814,94.94553623481119,0.01060961141244887,0.01202967320210105,0.022968121570114745,5.008856359004149,115.73700534578903,0.0010382658801972,0.17156803131103515,2.468003529722522,30.01
Ghana,Africa,2018,15.19,4077.343082184788,2.455014785423799,97.5449852145762,0.004622942603598246,0.0034416051385192507,0.010278126422741701,2.43667211125894,109.84559154128657,0.0010523898527026,0.17282005310058593,2.3544851093980466,30.64
Ghana,Africa,2019,16.42,4256.374675816774,1.7885610408201416,98.21143895917986,0.004963987274929298,0.003705282082902983,0.0040890043738147,1.7758027670884948,104.04062773762988,0.0010663504945114,0.18785835266113282,2.5497951017581464,31.26
Ghana,Africa,2020,19.16,4193.880929579279,3.6611877162481647,96.33881228375184,0.006230719183053647,0.004369088976042273,0.01203105115199521,3.6385568569370736,120.69299598110535,0.0010790184605866,0.19631662368774416,2.8195836111427726,31.89
Ghana,Africa,2021,20.56,4332.786503362285,5.670924383159232,94.32907561684077,0.006998680779005257,0.010778963430944819,0.011838107338039229,5.641308631611243,117.73166291653585,0.0010906237876042,0.17523544311523437,2.546972712366678,32.52
Ghana,Africa,2022,20.75,4387.197453497453,4.682431286268113,95.31756871373189,0.006021528737708715,0.011763796943763602,0.01612006777567219,4.6485258928109685,102.09782756092932,0.0011020695092156,0.1924961853027344,2.387306102743748,33.15
Ghana,Africa,2023,20.14,,4.942256134601905,95.0577438653981,0.012469417316942401,0.008377831130367993,0.01970626794349947,4.901702618211095,124.3681616508893,0.0011131771607324,0.198502197265625,2.644109352141662,33.79
India,Asia,2000,987.07,2650.9294276369983,4.855856382428115,95.14414361757188,0.010859812639401344,0.0113132880646332,0.011438007928256914,4.822245273795824,125.28147721032774,0.0197431221604347,6.853160400390625,2.366152715754858,1057.92
India,Asia,2001,1001.2,2728.2209322663925,4.853834607390368,95.14616539260963,0.0058355000973038225,0.012575799703647366,0.013914268356874218,4.821509039232543,114.89064002719674,0.0202491655945777,6.899623413085937,2.56521964290909,1077.9
India,Asia,2002,1032.75,2755.9980626182,4.9105122388816085,95.08948776111839,0.005736527240483484,0.014016348299228439,0.01568176933357432,4.875077594008322,114.39490113856328,0.0207581929862499,6.834075317382813,1.911969897559234,1097.6
India,Asia,2003,1068.4,2911.090401968834,4.929523082804593,95.0704769171954,0.011840410110527031,0.0072428702002121596,0.023457594399800056,4.886982208094054,119.2502189990963,0.021288538351655,6.953150024414063,2.7241709696743057,1116.8
India,Asia,2004,1134.61,3076.62758819089,5.051041070787079,94.94895892921292,0.005786098937946045,0.00908496325273062,0.025152997771574093,5.011017010824828,105.33241420798915,0.0218427684158086,7.053917236328125,1.826961745398016,1135.99
India,Asia,2005,1195.39,3249.939039342264,5.135588706625427,94.86441129337457,0.01357705918446154,0.006701080620162551,0.010963115293016142,5.1043474515277865,114.47394545750502,0.0224200058728456,7.218935546875,2.4173241133585,1154.68
India,Asia,2006,1293.32,3469.9712767385067,5.153137989458884,94.84686201054112,0.012431865290499266,0.015381946867225925,0.022071012501447742,5.103253164799711,93.17517210667702,0.0230412799865007,7.332833862304687,1.7372565661789847,1172.88
India,Asia,2007,1393.49,3698.0800157790695,5.035976083601227,94.96402391639877,0.005855317111086686,0.014372685491485106,0.015687932691506038,5.000060148307149,124.0984245520766,0.0237227845937013,7.4982672119140625,2.6515914877555535,1190.68
India,Asia,2008,1490.37,3849.183702132281,5.041198531552169,94.95880146844783,0.005896566050885194,0.010485260716095129,0.016017775959451384,5.008798928825738,100.22264956923615,0.0244657862931489,7.641153564453125,2.093384825329406,1207.93
India,Asia,2009,1613.33,4074.5638447049773,5.153741039528228,94.84625896047177,0.015323510813416909,0.01383298413128206,0.021969341122508104,5.102615203461021,131.4427110373842,0.0252501610666513,7.62322265625,2.1246565891491476,1225.52
India,Asia,2010,1678.53,4311.580891033957,5.22679915819873,94.77320084180127,0.009139275718591649,0.010672684592323577,0.024854889823612718,5.182132308064203,113.3162622453732,0.0260772593319416,7.693417358398437,2.4392700852315152,1243.48
India,Asia,2011,1765.69,4535.822781483243,5.321566030436301,94.6784339695637,0.009266359348994587,0.011958470859119772,0.025824419978498495,5.274516780249689,114.82595032692025,0.0269407592713832,7.8103704833984375,2.163838972180911,1261.22
India,Asia,2012,1926.99,4733.360592452293,5.388171619534219,94.61182838046578,0.014147178740867357,0.006348607091003469,0.020105249856320066,5.347570583846029,111.46827312625463,0.0278980713337659,7.83911376953125,2.547836386264085,1278.67
India,Asia,2013,1995.34,4957.805573792973,5.567250156951616,94.43274984304838,0.016114389739176577,0.013976808891055148,0.017099048804402633,5.5200599095169816,114.98432786648016,0.0288486797362566,7.5822119140625,2.3401469524840053,1295.83
India,Asia,2014,2148.05,5239.12649109123,5.556396141989566,94.44360385801043,0.01651362115603558,0.006975649557491298,0.024240596390858522,5.508666274885181,132.83530743113823,0.0298354476690292,7.6585791015625,2.7439912145146232,1312.28
India,Asia,2015,2231.82,5565.802101698284,5.450503247598533,94.54949675240147,0.013663083738446033,0.014455471850453394,0.01500525805906574,5.407379433950568,94.20594595619929,0.0308503229171037,7.734505615234375,1.720024448794625,1328.02
India,Asia,2016,2352.54,5995.386577398741,5.400009757675477,94.59999024232452,0.009463620624247228,0.013845928366068228,0.019938035294607897,5.356762173390553,132.4534416785208,0.0318955928087234,7.8162646484375,2.442455397428124,1343.94
India,Asia,2017,2425.72,6288.370627592467,5.106535918702519,94.89346408129748,0.00595933473682083,0.012344996431131457,0.0157063532177546,5.072525234316813,123.56755379791785,0.032959334552288,7.866005859375,2.3394892699363607,1359.66
India,Asia,2018,2595.23,6673.074003585647,5.450575255995972,94.54942474400403,0.013922370756451308,0.005844765006667306,0.02163820176000259,5.40916991847285,108.67257191282246,0.03410355001688,8.001253662109375,2.4957718946779264,1374.66
India,Asia,2019,2611.17,6908.030151733039,5.595884951069024,94.40411504893098,0.011845416826488184,0.008988427761622543,0.015227503878880435,5.559823602602034,109.80900268049078,0.0352429635822773,8.001787109375,2.7601571692294993,1389.03
India,Asia,2020,2422.73,6377.584774331244,5.188940833434941,94.81105916656506,0.009591466645881843,0.007919491949035698,0.013360375045434449,5.158069499794589,136.43112362889366,0.0362963676452636,8.078347778320312,2.4413464525394355,1402.62
India,Asia,2021,2675.78,6930.840061837165,5.673306227461765,94.32669377253823,0.015957358181952253,0.00975963447394952,0.02697496704112721,5.620614267764736,111.14287622257056,0.0374609939754009,8.210527954101563,2.601340462958433,1414.2
India,Asia,2022,2831.13,7349.570695488093,5.9077094210531556,94.09229057894684,0.007221554248688039,0.006943245182540566,0.013619698572682973,5.879924923049244,109.62968110933411,0.0386930853128433,8.35673583984375,1.6031716724316354,1425.42
India,Asia,2023,3062.76,,5.880523592970931,94.11947640702907,0.011674310689515258,0.016900128760876626,0.02068693942639829,5.831262214094141,133.70688115132134,0.0400295853614807,8.476365966796875,2.281053278093455,1438.07
Indonesia,Asia,2000,281.05,5268.01054858998,8.80419702631778,91.19580297368222,0.00900411647731614,0.018555765108013832,0.02344168829768635,8.753195456434765,116.74784702986643,0.0265308488160371,1.9906173706054688,2.080332015621831,216.08
Indonesia,Asia,2001,316.76,5409.54925339884,8.491431148744013,91.50856885125599,0.016450630295982593,0.013680108445184181,0.017974575607097133,8.443325834395749,105.3935468482946,0.0269459001719951,2.011177978515625,1.780544142740497,219.1
Indonesia,Asia,2002,308.2,5602.49606821378,8.0893266070847,91.9106733929153,0.009000237779162925,0.0145119529042644,0.017052757169651152,8.048761659231621,116.79671622564162,0.027501655742526,1.9973524475097657,1.8936709426739922,222.09
Indonesia,Asia,2003,339.02,5820.141656621217,7.2053933542080415,92.79460664579196,0.008917653002685667,0.013649933780885031,0.018198412085147733,7.164627355339323,106.02977038056038,0.027912588790059,2.0129158020019533,2.3203759997303055,225.05
Indonesia,Asia,2004,342.71,6087.249513149294,7.210656199587589,92.78934380041241,0.008905538919462774,0.015872014706155412,0.03317126149018745,7.152707384471785,127.26842227803498,0.028377266600728,2.0556610107421873,2.4720744471302014,227.93
Indonesia,Asia,2005,347.36,6388.2912536493,6.89023116875677,93.10976883124323,0.01583664928619297,0.013996532100358894,0.01961949387629886,6.84077849349392,127.13804090330112,0.0288086608052253,2.0928842163085934,2.648030273734351,230.87
Indonesia,Asia,2006,346.37,6689.471623012703,7.160066514457242,92.83993348554276,0.01784352843107855,0.020325881876603877,0.03473618567069942,7.08716091847886,121.43602008341634,0.0295224897563457,2.2106069946289066,2.6501181271711154,233.95
Indonesia,Asia,2007,387.58,7062.39284235862,6.246178681149033,93.75382131885097,0.013533829768745264,0.012454424105620969,0.023391107663148416,6.196799319611518,121.69900383393278,0.03000851534307,2.2471868896484377,2.5268691592946846,237.06
Indonesia,Asia,2008,365.38,7534.589232504205,6.821116664762371,93.17888333523763,0.019947299074315524,0.02035636780274007,0.022576822307235095,6.758236175578081,134.3264480685362,0.0305488556623458,2.295033416748047,2.8465521219416914,240.16
Indonesia,Asia,2009,398.62,7835.364243303421,6.15846770720691,93.84153229279309,0.010775724423964253,0.01664541392197327,0.023034310481283193,6.108012258379689,118.18165469802152,0.0312492921948432,2.4207698059082032,2.3700467892956634,243.22
Indonesia,Asia,2010,445.37,8279.701399186548,5.232233537233782,94.76776646276622,0.00822205825690775,0.007414184949406419,0.01857492693391382,5.198022367093554,108.46109767894443,0.0318551324307918,2.4733169555664065,1.8792795463713874,246.31
Indonesia,Asia,2011,500.46,8731.247351997543,5.25415975135553,94.74584024864447,0.01438167691014666,0.015033151594527783,0.022468514461039264,5.2022764083898165,126.34007732760486,0.0325233191251754,2.8816458129882814,2.8387854914879167,249.47
Indonesia,Asia,2012,515.77,9139.467846553516,5.769779106687537,94.23022089331246,0.008349976301551173,0.007112595929167754,0.016429377910889834,5.737887156545928,142.57302398004063,0.0332267880439758,3.007220458984375,2.604434743846312,252.7
Indonesia,Asia,2013,493.44,9528.448118052911,6.156848073973208,93.84315192602679,0.01801767774749823,0.016222675400561114,0.01883472901856584,6.103772991806583,110.35566615669241,0.0339561812579631,2.9958425903320314,1.985011768878351,255.85
Indonesia,Asia,2014,498.03,9888.5932949418,6.278156658623885,93.72184334137611,0.006430772051035777,0.011057381987358573,0.029396105613908187,6.2312723989715835,116.75326124413712,0.0347547903656959,3.080601806640625,2.3146768171648744,258.88
Indonesia,Asia,2015,551.16,10255.04806023336,5.575857018101246,94.42414298189875,0.01639166834331243,0.015366775570833872,0.02698363260973446,5.517114941577365,126.54599507293001,0.0357724726200103,2.9836749267578124,2.2508926453779265,261.8
Indonesia,Asia,2016,547.97,10656.075652067042,6.100822940987911,93.89917705901209,0.006627444902906098,0.016692543279159044,0.02853766501322679,6.048965287792618,121.14604137187396,0.0363976620137691,3.0096905517578123,2.313107547353154,264.63
Indonesia,Asia,2017,570.93,11082.436343418758,6.037291506910293,93.9627084930897,0.01679747301045221,0.01576850465357708,0.019671572448347732,5.985053956797915,112.43141291208534,0.0369998924434185,3.20718505859375,2.4021187830624053,267.35
Indonesia,Asia,2018,607.38,11543.388234113472,5.843393673602222,94.15660632639778,0.012010524318377744,0.015076311380541994,0.02536673587730793,5.790940102025994,134.54347070960458,0.0376254469156265,3.5242489624023436,2.7571980531275115,269.95
Indonesia,Asia,2019,665.05,12009.892092191292,5.341085278787915,94.65891472121208,0.01594810458860279,0.008595719807968558,0.01831461987626127,5.2982268345150825,148.45268357416865,0.0383805967867374,3.6588446044921867,2.6058939172590097,272.49
Indonesia,Asia,2020,623.3,11662.297374656897,5.344986194471275,94.65501380552872,0.006133869433891501,0.006210011096022188,0.018668003311703138,5.313974310629659,125.83002091664447,0.0389667935669422,3.51988525390625,2.3669687227816882,274.81
Indonesia,Asia,2021,632.95,12009.242711948375,5.4139339132520945,94.5860660867479,0.011410994899892656,0.009777350025622293,0.014152241577884292,5.378593326748695,114.92418094310764,0.0395706444978714,3.514101867675781,2.6610867965207956,276.76
Indonesia,Asia,2022,758.02,12552.763417037906,4.226756420273816,95.77324357972618,0.012420767851505247,0.005693648135862067,0.01594920425409666,4.192692800032352,112.87755528707434,0.0401813685894012,3.8607113647460936,2.4549609199133715,278.83
Indonesia,Asia,2023,762.36,,4.518732527673507,95.4812674723265,0.009246211014888584,0.010799328708804859,0.011560760062584304,4.487126227887229,130.65423263711892,0.0408372282981872,4.128047180175781,3.2129872339984655,281.19
Ireland,Europe,2000,45.25,38847.84050840099,5.19773452609445,94.80226547390555,0.011740628590319413,0.008795603522289041,0.015565624904115909,5.1616326690777266,212.07786669607611,0.0007901658536866,0.22375185012817383,4.247284319259676,3.8
Ireland,Europe,2001,47.61,41000.680827837365,5.436321060865339,94.56367893913466,0.013000947562858384,0.016043781625124976,0.02481729819995785,5.382459033477398,208.9953101304217,0.0008139641140587,0.2275288200378418,4.1872128826547295,3.86
Ireland,Europe,2002,46.08,43077.18679827443,5.307093757520192,94.69290624247981,0.010131677852251454,0.012110491578368516,0.013911099718229503,5.270940488371344,199.57186220735392,0.0008369082352146,0.22497459411621099,3.2767892301809223,3.93
Ireland,Europe,2003,45.68,44445.71345914722,6.3092127550471275,93.69078724495287,0.014228007641845647,0.01668762248076765,0.013965283791424766,6.26433184113309,190.58950769945596,0.0008591176592744,0.22791038513183592,3.778590228681322,3.99
Ireland,Europe,2004,46.17,47073.20689703512,6.263263455071026,93.73673654492897,0.013582692407356878,0.00792333733442956,0.013823165108944898,6.227934260220295,184.90097434430916,0.0008817249909043,0.2108849334716797,3.4424835489998737,4.07
Ireland,Europe,2005,48.15,49310.29812674612,6.1222997543059705,93.87770024569403,0.01715661868674565,0.0166773218603577,0.029523894024805052,6.058941919734062,206.15670470980407,0.000905166438315,0.2024246025085449,3.63321273429539,4.16
Ireland,Europe,2006,47.6,51340.957176707605,6.134127715546441,93.86587228445356,0.006691675517994045,0.0174547486296424,0.021596799555328772,6.088384491843476,203.4314333285281,0.000928018358536,0.204393367767334,3.8053075354162083,4.27
Ireland,Europe,2007,47.66,52434.43599275114,6.379448791349034,93.62055120865097,0.009964229351864482,0.01259382192999224,0.020594367622848418,6.336296372444329,176.2182416107556,0.0009571271366439,0.19035673141479492,3.6030553261555345,4.39
Ireland,Europe,2008,47.36,49725.25966207697,5.55701811827258,94.44298188172742,0.016119925791928117,0.0122949352369489,0.024632237135685648,5.503971020108017,205.913155841388,0.0009824080625548,0.18457199096679688,3.944859970763471,4.49
Ireland,Europe,2009,42.18,47462.0453673008,4.415174342326026,95.58482565767397,0.012276513975400536,0.011168711561738787,0.01990130025933611,4.371827816529549,186.63185917306748,0.001004590303637,0.1785428047180176,3.2225676063664617,4.53
Ireland,Europe,2010,41.79,48661.62634972289,4.278607832566607,95.7213921674334,0.008177760935428241,0.005774739672629797,0.01282116113372367,4.251834170824825,193.90516009995542,0.0010259284172207,0.17369112014770507,3.825220235677073,4.56
Ireland,Europe,2011,38.05,48999.32798825575,4.13049261863469,95.86950738136531,0.009253398854222696,0.008282183557051582,0.01685593803691111,4.096101098186505,159.75063915022156,0.0010454501025378,0.1740736961364746,2.8647339637807563,4.58
Ireland,Europe,2012,38.22,47361.99267717143,4.366419994229645,95.63358000577036,0.006788745481013424,0.007847880425079957,0.018833978231886317,4.332949390091665,159.32305634938768,0.0010644191643223,0.17587385177612305,3.114173837279489,4.6
Ireland,Europe,2013,37.28,48163.043462410205,4.994794517492082,95.00520548250792,0.006874047591917073,0.0064570105446029435,0.01979912601987565,4.961664333335687,169.0009291130404,0.0010824741329997,0.17903427124023438,3.113009845565506,4.62
Ireland,Europe,2014,36.85,50701.241990744995,5.651850098147264,94.34814990185274,0.0108933578490888,0.009806349019549044,0.013874078111457279,5.617276313167169,173.79190953955523,0.0010999009246006,0.18179838180541993,3.2150106771121956,4.66
Ireland,Europe,2015,38.72,53153.87309508119,5.873029080967427,94.12697091903257,0.01002352490301071,0.006673784992042852,0.02717831862500415,5.82915345244737,189.1287408726988,0.0011188687058165,0.18519601821899417,3.7559327464753336,4.7
Ireland,Europe,2016,40.37,53669.49835090142,6.014554032002081,93.98544596799792,0.013035416473672722,0.006325048250035481,0.02175634801137032,5.973437219267002,180.18893473090904,0.001138720777817,0.19590314865112304,3.070964839749775,4.75
Ireland,Europe,2017,39.04,55408.368265693854,6.158741815081342,93.84125818491866,0.007116236933394183,0.007823650369095709,0.017536507861839967,6.1262654199170115,167.5748513115529,0.0011578524718061,0.1976618385314942,3.764756143267926,4.81
Ireland,Europe,2018,38.92,57977.847637966006,6.626782615837442,93.37321738416256,0.019540987760646278,0.01939149157289639,0.021707249472742714,6.566142887031156,158.33947625205786,0.001176839810796,0.17774744033813478,2.487105799244577,4.87
Ireland,Europe,2019,37.2,59694.7626936939,6.543118984006298,93.4568810159937,0.019448907472877242,0.01373439326118001,0.013823734312529319,6.496111948959712,177.3876159477013,0.001194794778712,0.17725156784057616,3.1589015501867643,4.93
Ireland,Europe,2020,35.05,55144.349213523376,6.670014484993729,93.32998551500627,0.015983511975753227,0.01955411009463358,0.015898649218897477,6.618578213704445,151.2968757133358,0.0012110795360058,0.17724966049194335,3.0318135783958953,4.98
Ireland,Europe,2021,37.47,57202.692590407976,7.709257626176253,92.29074237382375,0.015975067627383828,0.014377732759819491,0.033123906626179055,7.6457809191628705,179.7362026340381,0.0012287046993151,0.17969886779785157,3.5510734920752025,5.03
Ireland,Europe,2022,36.68,60350.2965374857,7.439663878010137,92.56033612198986,0.012045226730274087,0.012079278321800552,0.014879587432027956,7.4006597855260345,158.62213556681002,0.0012456042459234,0.1773799705505371,3.0078114528974487,5.11
Ireland,Europe,2023,33.57,,7.233403826795524,92.76659617320448,0.019006419846346285,0.014555660801935596,0.02350637422715923,7.176335371920083,171.79558081903897,0.0012610172852873,0.17542074203491212,3.2315120822041603,5.2
Italy,Europe,2000,469.6,32541.993280509567,5.167120749456259,94.83287925054374,0.012243298048461587,0.009709140681383597,0.018433861094380995,5.126734449632034,178.2508998093286,0.0076639368198812,0.613030128479004,3.4751794225475416,57.27
Italy,Europe,2001,469.68,33334.72962672513,5.297360538515775,94.70263946148422,0.007020241653275457,0.006416848395961558,0.011462975738705094,5.2724604727278335,169.96033294429404,0.0078654326498508,0.5801645660400391,3.150044483871401,57.31
Italy,Europe,2002,477.14,33599.45201084154,5.160998830621651,94.83900116937835,0.014563587098530036,0.011775606552117122,0.025388163444854322,5.1092714735261495,167.15317410688985,0.0080680074170231,0.5906334304809571,3.592405163090709,57.42
Italy,Europe,2003,495.09,33731.8656847645,5.26496013464147,94.73503986535853,0.01392621172113825,0.00753982497158835,0.0141015428326693,5.229392555116074,170.97560991814242,0.0082806441932916,0.5775531768798828,3.4874144929597595,57.74
Italy,Europe,2004,500.69,34279.91767348378,5.207242621058128,94.79275737894187,0.015098919801000171,0.011659932233534568,0.01516659485660032,5.165317174166994,178.96788247046055,0.0084949051961302,0.5559231185913086,3.6253334248290594,58.18
Italy,Europe,2005,501.37,34676.246732672706,5.2155189100274555,94.78448108997254,0.012785526548778096,0.01199779109547361,0.015186691580736952,5.175548900802467,175.13887609147943,0.0087084705010056,0.554278335571289,3.0123750004525456,58.52
Italy,Europe,2006,496.07,35513.126525633794,5.291164343014458,94.70883565698554,0.011782525567411814,0.006899941307267084,0.014239845965924114,5.258242030173855,167.3744408950967,0.0089186485856771,0.5458113479614258,3.154174526999837,58.75
Italy,Europe,2007,489.79,36109.25199815263,5.425800511141787,94.57419948885821,0.009964407071316052,0.006091542187412631,0.010875591016171297,5.398868970866887,170.29358046105477,0.0091334600001573,0.5457595062255859,3.134557502760665,59.11
Italy,Europe,2008,478.13,35746.35685708499,5.0935083282335825,94.90649167176642,0.014595228924122274,0.013047139610242502,0.021331788004990217,5.044534171694227,170.93103351985854,0.0093390773981809,0.5396147918701172,2.9332161236108973,59.56
Italy,Europe,2009,424.03,33871.23554913246,4.664298902270687,95.33570109772931,0.012743460600456759,0.00895359212597236,0.022857567014678858,4.619744282529579,141.60941283564665,0.0095236981287598,0.5346595764160156,2.873799860554077,59.9
Italy,Europe,2010,435.67,34581.12169375708,4.577207390169065,95.42279260983094,0.004991157852136399,0.005109662899424957,0.012234328148115339,4.554872241269388,168.85096839737284,0.0097105223685503,0.5335673522949219,3.040321767024021,60.16
Italy,Europe,2011,423.9,34966.99322358204,4.613975576124886,95.38602442387511,0.004857288728818144,0.013794553353986128,0.018405801798647325,4.576917932243434,152.6867934491586,0.0098952129483222,0.5000809478759766,3.1396098441416087,60.37
Italy,Europe,2012,403.44,33832.9479814831,4.101261214321866,95.89873878567813,0.007189210424701802,0.004575207561834181,0.01733065432105463,4.072166142014275,148.50578876162177,0.0100652035325765,0.5065778732299805,2.555035151317649,60.53
Italy,Europe,2013,369.46,33143.07253386198,4.124183918649209,95.87581608135079,0.010809925942685185,0.009857090146155444,0.01874555475115542,4.0847713478092125,138.5575637030556,0.0102214459329843,0.4934088134765625,3.2326332031014355,60.65
Italy,Europe,2014,349.39,33135.936427695895,4.103168617923117,95.89683138207688,0.012205089479982487,0.012175569610429473,0.013408693810459095,4.065379265022247,134.8537049219045,0.0103680966421961,0.4745234680175781,2.388759481172854,60.66
Italy,Europe,2015,361.24,33442.82153158959,3.874818855486012,96.12518114451399,0.005040495267149087,0.005728378010831967,0.011271044866226992,3.852778937341804,141.05404390792577,0.0105217341333627,0.4666022872924805,2.8226554036869436,60.58
Italy,Europe,2016,358.13,33929.84125750439,3.634487363645462,96.36551263635454,0.007953208518247412,0.004668494429605781,0.010815817889477117,3.611049842808132,147.37579672418497,0.0106749953702092,0.4569134521484375,3.09557054070338,60.48
Italy,Europe,2017,352.67,34545.886564016546,3.7861580747318726,96.21384192526813,0.006670384059582037,0.0047053232118220096,0.015666607193075124,3.759115760267393,173.22191519013836,0.010824579745531,0.46874893188476563,3.10035851398218,60.39
Italy,Europe,2018,349.05,34930.97611179801,3.8434823305835835,96.15651766941642,0.011299180030941672,0.006174747672545949,0.01710479700366086,3.8089036058764347,147.99194456774322,0.0109805753454566,0.4638972854614258,3.1236117061137767,60.28
Italy,Europe,2019,339.64,35185.77993515597,4.089844370549116,95.91015562945088,0.01097811504478804,0.004916367653208042,0.010408007332025524,4.063541880519095,153.69267924666093,0.0111303254961967,0.45694808959960936,2.59032778860645,60.13
Italy,Europe,2020,302.6,32142.59918393348,3.9969158447295143,96.00308415527049,0.010698374410632549,0.009529937112182545,0.012441691668356165,3.964245841538343,151.2127072146703,0.0112614892423152,0.4465273666381836,3.355038625189493,59.91
Italy,Europe,2021,335.93,34493.92704436293,3.9089776192594172,96.09102238074058,0.007573199763136449,0.004395972108767098,0.018394947367527423,3.8786135000199864,153.17715262807909,0.0114139383658766,0.440859375,2.955079221538993,59.73
Italy,Europe,2022,340.11,35827.59694949132,3.5511696672525517,96.44883033274745,0.0064973585354251824,0.007169258485878102,0.015696456008232575,3.5218065942230155,152.0229810993677,0.0115670226514339,0.4262356948852539,2.7534442751992194,59.62
Italy,Europe,2023,312.29,,3.6846828050823035,96.3153171949177,0.005699519478544251,0.01102970632362569,0.018256038076463758,3.64969754120367,137.0883641240921,0.0117069045081734,0.41713790893554686,2.603659294257243,59.5
Japan,Asia,2000,1260.2,33139.612503433695,4.098000665079169,95.90199933492083,0.004560054310618505,0.01076930207665984,0.01746873093959426,4.065202577752297,200.59636872514284,0.0204751770943403,0.4295307159423828,3.9522176804201012,127.03
Japan,Asia,2001,1245.94,33193.13607936826,4.066229382050096,95.9337706179499,0.011098548449339047,0.009069476094336677,0.01292892440200269,4.033132433104418,203.14265236433255,0.0210277084261178,0.4153947448730469,3.5749458502741893,127.26
Japan,Asia,2002,1275.42,33153.62098067234,3.7789750870074528,96.22102491299255,0.009922840410419015,0.006093624693524319,0.014253967154344247,3.748704654749165,170.18627424893282,0.0215919092297554,0.40553123474121094,2.998173081156092,127.48
Japan,Asia,2003,1283.84,33590.12579640676,3.7106202015772567,96.28937979842274,0.011129765390315913,0.008340701189224638,0.014779558939176408,3.6763701760585397,177.23814023212051,0.0221596620976924,0.3971417236328125,3.269349264438807,127.67
Japan,Asia,2004,1279.12,34271.18697977712,3.704926791495481,96.29507320850452,0.011089859829628337,0.007610226871246035,0.008281872750456845,3.6779448320441497,184.29828076559212,0.0227245315909385,0.39444374084472655,3.095683858418483,127.82
Japan,Asia,2005,1286.41,34793.87703585016,3.791716093570784,96.20828390642922,0.00800379476759669,0.007022890541371224,0.013777165835345004,3.762912242426471,177.77649514772114,0.0232944246381521,0.38946220397949216,3.8905870947460826,127.91
Japan,Asia,2006,1263.44,35268.141965889314,3.87231616223373,96.12768383776627,0.009827840954949391,0.004884619971079199,0.015984775849377977,3.8416189254583237,190.92852318582635,0.0238529257476329,0.3858787536621094,3.3849379936088044,128.0
Japan,Asia,2007,1298.97,35841.18239567969,3.7115899432685637,96.28841005673144,0.010724755906821372,0.010293012521160631,0.00928626409421188,3.6812859107463702,180.87827793294014,0.024428779259324,0.38629253387451173,3.6435374827811633,128.09
Japan,Asia,2008,1228.69,35444.36705100765,3.6612372759677214,96.33876272403228,0.009882758672321417,0.006954773920813076,0.015896708379858897,3.628503034994728,205.4210184891278,0.024973876774311,0.36214675903320315,3.849577320920376,128.16
Japan,Asia,2009,1160.25,33528.51439512388,3.410892990703317,96.58910700929668,0.005098248803702605,0.0047385661135083594,0.012795345437063545,3.3882608303490427,191.58369293759205,0.0254857931286096,0.35799705505371093,3.2699788718568823,128.19
Japan,Asia,2010,1211.09,34951.71902000006,3.3117166059283676,96.68828339407163,0.006295865595148517,0.005747546104499883,0.0160838993125212,3.2835892949161978,185.06010725595445,0.0260209422558546,0.35998920440673826,3.459175303331452,128.19
Japan,Asia,2011,1261.18,34885.73662178563,3.1896019209432467,96.81039807905675,0.004013536158293476,0.005831420029315281,0.006785134573441081,3.1729718301821968,196.4826235402904,0.0265828259289264,0.3492262649536133,3.878922810437871,128.1
Japan,Asia,2012,1302.11,35411.80997924439,3.153630021676392,96.84636997832361,0.009171077945225009,0.008373126724745588,0.008817481462143867,3.127268335544277,199.9637583072867,0.0271638259291648,0.3406424331665039,3.6429417323906947,127.93
Japan,Asia,2013,1311.88,36179.73053544777,3.2458893902744848,96.75411060972552,0.007181041019509736,0.00800835165910857,0.01234951084404224,3.2183504867518242,183.93344556520577,0.0277476198971271,0.3394293212890625,3.800869012798601,127.72
Japan,Asia,2014,1260.27,36354.357122620284,3.351132698465946,96.64886730153405,0.004883557462049233,0.008507218266808668,0.009683700253474346,3.328058222483614,178.2411499114326,0.0283092204481363,0.32738548278808594,3.6583130164174804,127.49
Japan,Asia,2015,1219.98,36982.85523214817,3.342778576471545,96.65722142352845,0.00783347189173789,0.0034165287252784942,0.013850042523455912,3.317678533331073,184.78992413814814,0.0288531146943569,0.31982803344726557,3.732313242607869,127.28
Japan,Asia,2016,1199.93,37295.616435347765,3.384774092710046,96.61522590728995,0.007569223001258709,0.006201948635943167,0.014476732434950996,3.3565261886378934,191.39979105528406,0.0293881222605705,0.3167683410644531,3.424499625202646,127.16
Japan,Asia,2017,1184.39,37948.86206959973,3.4665585403075454,96.53344145969245,0.005949742598340559,0.0068037738996645876,0.007999249852872587,3.445805773956668,183.18672360936628,0.0299182254821062,0.3159856414794922,3.1070348434154145,127.06
Japan,Asia,2018,1138.55,38238.54589076119,3.558766216361093,96.4412337836389,0.004367016061823792,0.003695367869106981,0.012603596154758312,3.5381002362754037,163.15161503947382,0.0304285362362861,0.30935562133789063,2.926349559022743,126.91
Japan,Asia,2019,1102.06,38149.09207338051,3.516764324719489,96.48323567528051,0.00824029363611673,0.005344167971930356,0.012402473102706894,3.490777390008735,168.74432737708318,0.0309207309037446,0.3032298851013184,3.258781520233347,126.7
Japan,Asia,2020,1037.28,36631.001052107924,3.553338030436464,96.44666196956354,0.007250996312737283,0.008956471515743853,0.011043214275020183,3.526087348332963,172.11815483375003,0.0313855297863483,0.29722377777099607,3.417626491399707,126.3
Japan,Asia,2021,1058.5,37602.70796968367,3.5477567413314404,96.45224325866856,0.00902775230280018,0.004520620506935494,0.017024884893674666,3.5171834836280302,173.7830758805711,0.0318613946437835,0.295398063659668,2.629057792661003,125.68
Japan,Asia,2022,1029.64,38196.69673349289,3.406155307307742,96.59384469269226,0.006949670647268528,0.007052854197913442,0.015268155744416095,3.3768846267181436,192.89904946296986,0.0323250629007816,0.2966389465332031,3.5839508309239925,125.0
Japan,Asia,2023,986.91,,3.324292979093528,96.67570702090647,0.00899009493593815,0.004755081123562901,0.013601770717908088,3.296946032316119,156.96240234874108,0.032768577337265,0.2897722625732422,3.058825205176813,124.37
Kenya,Africa,2000,10.38,1938.7499661340723,5.267795951035467,94.73220404896453,0.011082461172325506,0.0053954954862204954,0.021824372780395757,5.229493621596526,113.55286042475755,0.0008061212138272,0.2424808120727539,2.2335824899014556,30.64
Kenya,Africa,2001,9.22,1991.085501801597,5.615340385183671,94.38465961481633,0.011915055675475,0.008324196956831417,0.019008760696902584,5.576092371854463,122.73253177547166,0.0008155748946592,0.24416997909545898,2.85110266011231,31.62
Kenya,Africa,2002,7.82,1976.0498126115294,7.503088587491973,92.49691141250803,0.02065830787007108,0.022147223054089102,0.035737087616131015,7.424545968951682,128.62907444247261,0.0008252002880908,0.2541781234741211,2.6845992133548235,32.63
Kenya,Africa,2003,6.72,2009.2894104828051,11.784467227375572,88.21553277262443,0.02129412845475068,0.03067584288039629,0.04812524560100497,11.68437201043942,98.12505359167528,0.0008348082192242,0.26821685791015626,2.4630584298910736,33.65
Kenya,Africa,2004,7.62,2076.141299743359,11.733344749549104,88.2666552504509,0.014878238503751003,0.0342514319124174,0.04912684783599822,11.635088231296937,107.28401955115586,0.0008441905374638,0.2837669563293457,2.151756156713424,34.71
Kenya,Africa,2005,8.45,2167.7779609087315,11.322506417490402,88.6774935825096,0.011974290492031062,0.02236996750380017,0.05191451519905677,11.236247644295513,108.52898306533636,0.0008548205951228,0.279521541595459,2.517706976797459,35.8
Kenya,Africa,2006,9.57,2266.7793568774778,11.337874586741535,88.66212541325847,0.028461177587948874,0.01382622510320411,0.03199791709673514,11.263589266953646,104.9584030869661,0.0008678787853568,0.27789419174194335,2.6698543677497137,36.9
Kenya,Africa,2007,9.73,2394.0344988901934,12.11207137050826,87.88792862949174,0.027138538486110506,0.025385920247701466,0.053550043907098874,12.00599686786735,101.36920028985146,0.0008809559512883,0.39618682861328125,2.515415239419422,38.04
Kenya,Africa,2008,10.1,2371.329714608213,12.632400446059975,87.36759955394002,0.030420835599256842,0.024112153333609557,0.032663873331749776,12.54520358379536,106.31444049463443,0.0008955041412264,0.40321624755859375,1.8733885698855308,39.21
Kenya,Africa,2009,12.18,2420.073896071426,12.28515678656018,87.71484321343982,0.017517753014670765,0.033031275077157675,0.03729805365803604,12.197309704810316,77.26171716627839,0.0009110401733778,0.39141040802001953,1.6600846513977399,40.41
Kenya,Africa,2010,11.86,2598.2183467364384,13.010730668677695,86.9892693313223,0.01655931574817693,0.015562982752422952,0.039121073027647876,12.939487297149448,108.69234613304866,0.0009317958611063,0.39564918518066405,2.1355281264938397,41.6
Kenya,Africa,2011,12.22,2739.8575190265824,9.19205676564492,90.80794323435508,0.009459447550557916,0.01816793725929933,0.04536809848747664,9.119061282347587,106.19402372649022,0.0009524251217953,0.40609893798828123,2.345880740146742,42.76
Kenya,Africa,2012,11.25,2791.2855152349694,10.331867634049104,89.6681323659509,0.017576316137517436,0.01343243351861723,0.04721262292629665,10.253646261466672,101.55965507256107,0.0009696029592305,0.40598079681396476,2.330860547665337,43.89
Kenya,Africa,2013,12.16,2826.5521045798464,11.073006649962565,88.92699335003743,0.024137331588906335,0.01826328404503535,0.04543818892035196,10.98516784540827,123.77314998683491,0.0009837105171754,0.40338008880615234,2.2287025975816377,44.99
Kenya,Africa,2014,13.21,2899.8189104657986,13.264227688629063,86.73577231137094,0.023669856336052536,0.032825172013216775,0.05545999466312963,13.152272665616664,94.93486806188703,0.0009966822108253,0.4106122970581055,2.0393094431652736,46.05
Kenya,Africa,2015,15.21,2976.8427684551957,10.042957858352082,89.95704214164792,0.018830042270292432,0.019604217884476305,0.03702053587923781,9.967503062318077,100.51931786868855,0.0010117782512679,0.41821392059326173,1.502330886252176,47.09
Kenya,Africa,2016,16.29,3034.546753288758,10.184567121964946,89.81543287803505,0.028601496947924503,0.01784108606281972,0.04930625965318971,10.088818279301012,124.47478516630278,0.0010234010405838,0.44760372161865236,2.924180064401412,48.14
Kenya,Africa,2017,16.18,3082.5919281238776,10.670612053338942,89.32938794666106,0.018102810021458964,0.019089218719070357,0.03722737799692232,10.59619264660149,95.77409094667817,0.0010406033834442,0.4268371200561523,1.8786731829438428,49.2
Kenya,Africa,2018,17.0,3191.9196081973173,8.175309645277054,91.82469035472295,0.016579356101875508,0.015687548839758727,0.025683169601648362,8.11735957073377,100.66783464575818,0.001055956701748,0.44186370849609374,2.12744453628548,50.21
Kenya,Africa,2019,18.16,3289.907865598598,8.454895124029406,91.5451048759706,0.021706303196741494,0.0217293602215701,0.021045130273861012,8.390414330337233,104.60299812159188,0.0010690701892599,0.49254695892333983,2.080753055749052,51.2
Kenya,Africa,2020,19.99,3217.925419487673,9.8212378222632,90.1787621777368,0.01761031976602148,0.027343989597626663,0.04280701370871663,9.733476499190836,113.61287387538985,0.0010818017181009,0.5443513488769531,2.6616142545102623,52.22
Kenya,Africa,2021,20.59,3394.6866164026956,15.454986589154203,84.5450134108458,0.03468366980778015,0.04498435612529829,0.06496243654045024,15.310356126680675,102.80913382085602,0.0010933567536994,0.5034412384033203,1.2936942087144827,53.22
Kenya,Africa,2022,20.54,3508.8207998981356,17.54429302679887,82.45570697320113,0.047803416230658737,0.04515562021128525,0.05531829832017971,17.396015692036745,86.06775870890596,0.0011047113221138,0.5179031753540039,1.8721010366447226,54.25
Kenya,Africa,2023,21.19,,16.70842778971175,83.29157221028825,0.04843842134016331,0.027248334473677374,0.0346796825931658,16.598061351304743,94.37425405033457,0.0011164844036102,0.5375214004516602,1.9782424375560437,55.34
Malaysia,Asia,2000,122.88,13314.42213811613,7.470730491386945,92.52926950861305,0.009668223168288905,0.017752468353271593,0.033745229737899216,7.409564570127485,140.7511141031375,0.0051753786392509,0.2289961624145508,2.6159269093726953,22.97
Malaysia,Asia,2001,130.89,13173.826673073616,6.7976853023020425,93.20231469769796,0.01939498746401253,0.012747061951567632,0.013828218179527138,6.751715034706935,148.2976979465529,0.0052817491814494,0.23312751770019532,3.390631130835536,23.53
Malaysia,Asia,2002,132.04,13679.106021924634,7.39213845828661,92.60786154171339,0.014667722010332007,0.011157259457131386,0.03038981552882438,7.335923661290322,152.16934511288193,0.0053929849527776,0.23933124542236328,2.6685106841493798,24.1
Malaysia,Asia,2003,153.38,14220.92097049045,7.215372392261358,92.78462760773864,0.010942031251838812,0.01934977555151537,0.035433043873260794,7.149647541584743,158.12995160063704,0.0055023124441504,0.2688754463195801,3.261618078780891,24.68
Malaysia,Asia,2004,169.67,14929.834285203418,6.557280669466422,93.44271933053358,0.01257864470755042,0.007061225379964073,0.021724165839450492,6.515916633539458,140.7378666702807,0.0056195831857621,0.2745229911804199,2.8586817033363165,25.26
Malaysia,Asia,2005,169.98,15473.752704890352,6.459079370097882,93.54092062990212,0.019119295748198532,0.018108183930378448,0.017471294358388803,6.404380596060917,168.1050084705947,0.0057365875691175,0.2813101387023925,3.56813591129017,25.84
Malaysia,Asia,2006,170.17,16148.474737307937,6.857480316584571,93.14251968341543,0.013613718082883591,0.013186625577007503,0.028215877864479866,6.8024640950602,158.57033622574156,0.0058578643947839,0.2903177070617676,2.836968654178613,26.42
Malaysia,Asia,2007,175.45,16968.64023882467,6.413016282093196,93.5869837179068,0.01062959514116949,0.014585783173583859,0.028546800802093916,6.359254102976348,170.70452384430746,0.0059876083396375,0.2894028854370117,3.011381711771792,27.0
Malaysia,Asia,2008,192.85,17600.44216982253,6.205306436521951,93.79469356347805,0.014066199232902114,0.014388292711341025,0.02258291554544967,6.154269029032259,165.4361541087966,0.0061323335394263,0.29708084106445315,3.4757994379839654,27.57
Malaysia,Asia,2009,192.12,17176.35965651499,5.971645441378712,94.02835455862129,0.008839774420666446,0.01666229699295351,0.029267666262164743,5.916875703702928,170.88458723548516,0.0062920842319726,0.3014091682434082,3.3617497882667955,28.12
Malaysia,Asia,2010,199.35,18322.89182395784,4.928957134238274,95.07104286576173,0.00567681131885479,0.011205192278380818,0.010621933011175486,4.901453197629863,166.37498973865362,0.0064492379315197,0.27487972259521487,2.6985186318154297,28.66
Malaysia,Asia,2011,203.45,19116.28172561626,5.58912935039244,94.41087064960756,0.007029780223194892,0.012451837785940653,0.019642362384083133,5.550005369999222,174.80400721281703,0.0066319117322564,0.26751422882080084,3.135072611066091,29.16
Malaysia,Asia,2012,212.99,19822.298596307468,5.894316762294864,94.10568323770514,0.007403802232116677,0.006680053242130928,0.02449301895851038,5.855739887862106,167.95095782705087,0.0068172314204275,0.2714505577087402,3.303130121387232,29.66
Malaysia,Asia,2013,241.67,20401.012460450987,5.873726714145249,94.12627328585475,0.007658196531812813,0.011963700808798732,0.02694819656856583,5.827156620236071,168.39529145722352,0.0070315208286046,0.2695119857788086,3.4456539297795525,30.17
Malaysia,Asia,2014,245.05,21258.828719793466,6.48976376942754,93.51023623057246,0.00829167487997195,0.008438886451014685,0.016469507265732302,6.456563700830821,191.39813677486427,0.0072427443228662,0.27188737869262697,3.3586009924399427,30.7
Malaysia,Asia,2015,235.94,21939.684062163375,6.690910417269862,93.30908958273014,0.015266981429607846,0.016559116987640184,0.02944007572449405,6.629644243128119,173.97200339313343,0.0074237906374037,0.28192108154296874,2.4092752573450524,31.23
Malaysia,Asia,2016,237.29,22514.554343621825,6.30224164011581,93.69775835988419,0.008594746122931946,0.012758534276767288,0.02305436392237179,6.257833995793739,170.4115818366722,0.0075862929224967,0.290688591003418,3.3835522651078658,31.79
Malaysia,Asia,2017,244.46,23406.61924365463,5.806030183374801,94.1939698166252,0.009819939544141839,0.013704876218682221,0.018519268307636023,5.763986099304342,153.03465564421566,0.0077443132176995,0.2925395774841309,2.582458283324258,32.36
Malaysia,Asia,2018,262.65,24126.123652534872,4.995724702689927,95.00427529731007,0.013955940727596894,0.005412097380634074,0.011965485471344116,4.964391179110351,156.9646204914353,0.0079028783366084,0.29358013153076173,2.4062322884262417,32.91
Malaysia,Asia,2019,277.67,24791.842619762392,4.688430927865639,95.31156907213436,0.009132703753526396,0.005483513948796086,0.02154750004918982,4.652267210114126,175.60415971291508,0.0080628078430891,0.29156482696533204,2.4599687779113983,33.44
Malaysia,Asia,2020,262.16,23109.599519427138,6.04458513087836,93.95541486912164,0.014114804291412332,0.014704340531646558,0.014941124148702654,6.000824861906599,168.5049999581848,0.0082125822082161,0.28138614654541017,3.4402742573902785,33.89
Malaysia,Asia,2021,273.33,23551.141751961153,5.566248849445117,94.43375115055488,0.0074845994190703225,0.006368727554076379,0.01630556664357438,5.536089955828395,163.18943615903262,0.0083699105307459,0.2791411781311035,3.1496162136660115,34.28
Malaysia,Asia,2022,281.88,25293.89546749212,5.063515716372251,94.93648428362775,0.007010832654019259,0.005785134838245542,0.014532981761410551,5.036186767118575,172.35507765544466,0.0085261967033147,0.283435115814209,3.1899843282734395,34.7
Malaysia,Asia,2023,276.3,,5.7703697011119885,94.22963029888801,0.006242023751172913,0.005910110458356108,0.026625882822279994,5.731591684080179,184.19645667384324,0.0086788479238748,0.28793479919433596,3.8638506156703203,35.13
Mexico,North America,2000,391.44,12584.919799243104,5.02352210660527,94.97647789339473,0.006720820154452818,0.014633533945317852,0.02018505930097441,4.981982693204525,144.68643157804104,0.0093695139512419,1.2628833770751953,3.0061803101555786,98.63
Mexico,North America,2001,407.48,12502.637025880982,4.51121761626213,95.48878238373787,0.007024780906584951,0.011165339022926239,0.019804444693198395,4.47322305163942,127.54744242689456,0.0095902550965547,1.2488297271728515,3.025649091646888,100.1
Mexico,North America,2002,410.3,12560.071608658973,4.404009707882153,95.59599029211785,0.005963121490185582,0.0075154549726144226,0.012117208589149336,4.3784139228302035,137.6852169932707,0.0098101831972599,1.2514514923095705,2.285142830242232,101.55
Mexico,North America,2003,435.97,12688.835064200817,4.223223031898343,95.77677696810166,0.004972444198999417,0.00672789482524112,0.016363394132287736,4.195159298741814,132.4404663301647,0.0100394925102591,1.2823919677734374,2.6086822740964464,102.98
Mexico,North America,2004,438.59,13152.657968751137,4.177912463314968,95.82208753668503,0.005185924682103084,0.007099971427348333,0.015521938933109547,4.150104628272406,136.39086983987178,0.0102666830644011,1.2741429138183593,2.1972399049535443,104.39
Mexico,North America,2005,463.44,13487.573412112166,4.312417707136021,95.68758229286398,0.008286558743809317,0.01099367691665837,0.019399372805979555,4.273738098669573,137.45248339674475,0.0105028264224529,1.291458740234375,2.6304250347912763,105.81
Mexico,North America,2006,474.52,14085.601522739558,4.552929081998343,95.44707091800166,0.006431774656251521,0.010575276060241352,0.021481908549459253,4.514440122732391,136.97561390274603,0.0107456622645258,1.3222581481933593,2.617025066313934,107.25
Mexico,North America,2007,473.6,14456.341961859098,5.032125131832302,94.9678748681677,0.008698228176930464,0.006895979674571982,0.010247773449484505,5.006283150531315,128.2543365556596,0.0109821576625108,1.345332489013672,2.7400534760694746,108.77
Mexico,North America,2008,472.98,14563.890402271776,5.334919955291596,94.6650800447084,0.010706301643535617,0.007192638690244322,0.02145736685993553,5.295563648097881,138.73750727185435,0.01121511682868,1.3809579467773438,2.7334692806922396,110.37
Mexico,North America,2009,460.29,13784.150156411106,5.0634587584205235,94.93654124157948,0.012055030242003715,0.006059903387084083,0.010914322809998604,5.034429501981437,133.2211092004741,0.0114397956058382,1.3668734741210937,2.818559888691561,112.0
Mexico,North America,2010,456.41,14418.370927205824,4.722616110116277,95.27738388988372,0.005093928399989713,0.010959328633346541,0.01722137854184626,4.689341474541095,109.06213624581987,0.0116627961397171,1.3667947387695312,2.456026219874786,113.62
Mexico,North America,2011,483.3,14890.97682107945,4.974398438525597,95.0256015614744,0.012927570118674129,0.01257898679334051,0.014241196271722384,4.934650685341859,160.1001435107977,0.0118956156075,1.3977291870117188,3.7080808993877055,115.24
Mexico,North America,2012,501.49,15194.548661857576,5.260603287344495,94.7393967126555,0.01186687299350601,0.00804921151163536,0.015362696538468616,5.225324506300884,151.02264729241807,0.0121359806507825,1.3723428344726563,2.821773360092852,116.82
Mexico,North America,2013,495.41,15235.802459444101,5.14053266284111,94.85946733715889,0.005981102611272002,0.005355869175443793,0.01572424947255529,5.11347144158184,135.61428219664904,0.0123733952641487,1.3882229614257813,2.387521704946471,118.34
Mexico,North America,2014,484.04,15482.42660564808,5.644781838617092,94.35521816138291,0.015507103342541179,0.006572464111056733,0.021810744675829708,5.600891526487665,138.0001161861803,0.012605614028871,1.3913421630859375,2.7818269435738077,119.78
Mexico,North America,2015,479.43,15825.325700409945,5.937919396229844,94.06208060377016,0.01687405157337103,0.017432069143713844,0.017826524103823186,5.885786751408936,125.21228780366377,0.0128327254205942,1.4026274108886718,2.262712596716758,121.07
Mexico,North America,2016,478.83,16048.140478013886,5.880902009894442,94.11909799010556,0.006599289003635883,0.009355865581253996,0.02468859797758127,5.84025825733197,153.58649345254176,0.0130438627675175,1.417760772705078,3.4019721257716293,122.25
Mexico,North America,2017,464.41,16270.004798344817,5.767711344360336,94.23228865563966,0.008961612048797208,0.014641025496621477,0.01853501426135718,5.725573692553559,154.46610350761884,0.0132505241781473,1.4268353271484375,2.8864922444383314,123.4
Mexico,North America,2018,468.42,16468.475394299276,5.707774069876962,94.29222593012304,0.014911003589685876,0.012838651111283298,0.012585982012720785,5.667438433163272,137.08222284834102,0.0134554570540785,1.4336819458007812,2.5236426552112596,124.57
Mexico,North America,2019,468.24,16282.225598283781,5.945932752279333,94.05406724772067,0.014844136352804507,0.010487907577891172,0.0258724154566013,5.894728292892036,145.2638500044343,0.0136859817430377,1.4450471496582031,2.6828268837256135,125.76
Mexico,North America,2020,428.94,14828.001570753057,7.0359122421400855,92.96408775785991,0.009632459640183492,0.009930307294408053,0.020103535967165954,6.996245939238328,133.18660175600314,0.013887439854443,1.4636280822753907,2.846510855137543,126.8
Mexico,North America,2021,446.84,15457.654556837255,7.116222912718115,92.88377708728189,0.010095775815699577,0.008843848533115616,0.023471442578845616,7.073811845790455,118.94409505511408,0.0140868853777647,1.4659445190429687,2.35578142591238,127.65
Mexico,North America,2022,453.8,15810.499473374084,6.488649798935299,93.5113502010647,0.011296377269512175,0.014469857341751286,0.026320115543018264,6.436563448781017,128.91808226528255,0.0142861446365714,1.4850387573242188,2.3701892702054064,128.61
Mexico,North America,2023,458.25,,6.355590267275133,93.64440973272487,0.012514449405177428,0.016202100101123263,0.019050045884560406,6.307823671884272,134.4916109664727,0.0144854867830872,1.504549560546875,3.151471350750623,129.74
Morocco,Africa,2000,33.2,4807.275110200423,10.019698031154007,89.98030196884599,0.02240915026526136,0.022923150394069523,0.02174030962476243,9.952625420869914,106.78289395002028,0.0006896671839058,0.18688013076782226,1.9516753510017995,28.42
Morocco,Africa,2001,36.81,5090.913406605793,11.081142182246992,88.91885781775301,0.01925711116833273,0.022833848858412616,0.034592701225144934,11.004458520995101,109.16805878991065,0.0007055700407363,0.1907687759399414,2.257358762848469,28.81
Morocco,Africa,2002,37.31,5184.774213575068,11.074915567034324,88.92508443296568,0.02131998142302793,0.012004128081912651,0.05352889606630258,10.988062561463082,110.44850601516568,0.00072933267802,0.19196878433227538,2.46286794172572,29.2
Morocco,Africa,2003,36.57,5429.565409129053,11.441114510550833,88.55888548944917,0.028544915703545164,0.033602296523832315,0.04490869919565805,11.334058599127797,109.93169499493597,0.0007460091728717,0.19674156188964845,1.7695065867938538,29.57
Morocco,Africa,2004,42.23,5624.370432618466,10.407812823110092,89.59218717688991,0.011171396641985121,0.027033548434915074,0.041781513528069,10.327826364505123,113.47414378955317,0.0007638006936758,0.20591684341430663,2.4596644510546284,29.95
Morocco,Africa,2005,44.66,5744.446674459194,9.771660199829967,90.22833980017003,0.014705116283856285,0.0154943750831579,0.038078659466951034,9.703382048996001,103.34565937654844,0.0007817812729626,0.20884426116943358,1.8369982473806403,30.36
Morocco,Africa,2006,46.25,6112.89952871159,9.669543194341614,90.33045680565839,0.023465072461094378,0.02862127405215878,0.025111575637691338,9.59234527219067,107.11829090545683,0.0008008989389054,0.21436744689941406,2.4607274887375103,30.77
Morocco,Africa,2007,48.91,6261.906427524912,10.22993856346524,89.77006143653476,0.028545760465733334,0.022544361932385983,0.033298466313280504,10.14554997475384,101.51737045554599,0.0008215676643885,0.2179204368591309,1.835482623713043,31.19
Morocco,Africa,2008,51.37,6561.417247931922,10.619515181838551,89.38048481816145,0.021487047911341817,0.02298960770399579,0.04516288013177522,10.529875646091439,124.28541009638627,0.0008436093339696,0.22088731765747072,2.696397271096839,31.61
Morocco,Africa,2009,50.86,6767.343989760599,11.007414528507397,88.9925854714926,0.02272180194555568,0.0274761176957861,0.0253623895729854,10.93185421929307,92.84031387883479,0.0008654466364532,0.22460920333862305,2.317194941949771,32.03
Morocco,Africa,2010,54.37,6949.942227108139,9.857774466861784,90.14222553313822,0.011970729500756715,0.025862261446871298,0.027932578938775057,9.79200889697538,127.0454854038693,0.0008901100954972,0.23139806747436523,2.7911587241517504,32.47
Morocco,Africa,2011,54.87,7234.414336917018,9.461181359433937,90.53881864056606,0.017927280449374514,0.021883307684537865,0.02676527831368549,9.394605492986338,129.63112153217602,0.0009179691551253,0.24026195526123048,2.649492938986247,32.91
Morocco,Africa,2012,56.95,7353.271786842765,10.249579890300282,89.75042010969972,0.02116778633726851,0.0128754350622763,0.03378319731810579,10.18175347158263,112.43840036563864,0.0009467040072195,0.24494901657104493,2.2296241229713085,33.36
Morocco,Africa,2013,56.61,7588.387567079766,10.727638468760063,89.27236153123994,0.015929910273423168,0.017985261488836276,0.05300640119422388,10.64071689580358,88.78941522782247,0.0009715611813589,0.2518048477172852,1.7477047707447064,33.79
Morocco,Africa,2014,57.17,7696.342011164286,9.044875367801069,90.95512463219893,0.013915418302923532,0.025833677083089538,0.01992140710089517,8.985204865314161,112.52337243539044,0.0009960774332284,0.25586084365844725,2.7416843662113783,34.2
Morocco,Africa,2015,58.5,7937.275905169935,8.97441135119908,91.02558864880092,0.015746217903186623,0.013005997144375062,0.03191393097794055,8.913745205173576,115.70140590985129,0.0010299368295818,0.2613296127319336,2.1413739285073277,34.61
Morocco,Africa,2016,58.46,7883.890937499919,8.90373694302184,91.09626305697816,0.009261154273310323,0.015531091501254955,0.02259852172256013,8.856346175524713,106.12378760756047,0.0010622720001265,0.2657336235046387,1.8868607796499688,35.02
Morocco,Africa,2017,61.1,8183.831253220532,8.273223816853374,91.72677618314663,0.0136024898640834,0.015422561334224753,0.0406383205755413,8.203560445079525,112.01992361579572,0.0010906535899266,0.27116453170776367,2.4919294583625806,35.45
Morocco,Africa,2018,62.31,8342.17075066909,7.846201076980577,92.15379892301942,0.011164328237423948,0.014741520883723077,0.018359408396416067,7.801935819463014,132.9346676788679,0.0011144853197038,0.27724380493164064,2.3881136419059374,35.84
Morocco,Africa,2019,68.74,8495.367709900223,7.26936221428123,92.73063778571877,0.012030755968679802,0.016180721895527266,0.023340490057202602,7.21781024635982,126.02113689309634,0.0011488466989248,0.28320850372314454,2.2313191410497035,36.21
Morocco,Africa,2020,64.54,7804.349710016956,6.9379419078337605,93.06205809216624,0.00859974733447435,0.020023952661742637,0.029234093294003404,6.88008411454354,109.31759747777915,0.001178732374683,0.2867854499816895,1.816000280993537,36.58
Morocco,Africa,2021,70.28,8338.845515219915,7.3142257187123505,92.68577428128765,0.020341260798717776,0.010835187365096205,0.03008826179055773,7.252961008757979,103.38602189411486,0.0012099420418962,0.2925909614562988,2.0093033984676825,36.95
Morocco,Africa,2022,69.78,8348.854239141465,6.581781483838583,93.41821851616142,0.014395573123335286,0.008181172501435156,0.021510485512667588,6.5376942527011455,116.4188503367826,0.0012393422657623,0.29438779830932615,2.3378870982195736,37.33
Morocco,Africa,2023,68.96,,6.3514058615565006,93.6485941384435,0.014977914762378348,0.00885983631511818,0.019305558617630652,6.3082625518613735,117.41312221451605,0.0012679140781983,0.2995005798339844,2.4515374737304665,37.71
Netherlands,Europe,2000,172.15,37599.61253402116,1.111506569108343,98.88849343089166,0.002865844600835191,0.0030831522748850726,0.0035488594503776125,1.102008712782245,199.83478765594418,0.0041337823495268,0.29511987686157226,3.9827484757849514,16.06
Netherlands,Europe,2001,177.46,38323.0661946813,1.074942639030212,98.92505736096979,0.0021465361844718576,0.0024633617975698776,0.0030021307493187954,1.0673306102988513,191.51719492520863,0.0042162202298641,0.28793567657470703,3.722344495903076,16.18
Netherlands,Europe,2002,176.74,38336.34119778537,1.5812028386776689,98.41879716132233,0.0018560800512026992,0.0024853560921620247,0.004136424754026997,1.5727249777802772,200.6563155261335,0.0042987437918782,0.27431371688842776,3.653239382552181,16.29
Netherlands,Europe,2003,180.17,38480.77223556011,1.4828902023818102,98.51710979761819,0.0030758302593776113,0.003902809645301792,0.005114664909378273,1.4707968975677526,216.2300399452398,0.0043833516538143,0.2640581321716309,3.900221936209921,16.37
Netherlands,Europe,2004,182.09,39349.122382966256,1.4524119835317038,98.5475880164683,0.003157082128017039,0.003954540193477533,0.004074888902949525,1.4412254723072595,205.67944385783213,0.0044693411327898,0.2610948944091797,3.9439183423998694,16.43
Netherlands,Europe,2005,178.13,40333.41960360402,1.5416104729931135,98.45838952700689,0.003839965073763199,0.004151601213120658,0.004412682685555141,1.5292062240206745,194.83164106245795,0.0045543555170297,0.24293287277221678,3.9990773058778983,16.47
Netherlands,Europe,2006,173.28,41921.91390682504,1.5523968927185479,98.44760310728145,0.002892610769277053,0.004405474283635889,0.006163432002073,1.538935375663562,190.97213289003832,0.0046366043388843,0.23782148361206054,3.5934483860855737,16.49
Netherlands,Europe,2007,173.03,43626.17528914742,1.5953000884071855,98.40469991159281,0.0020023578250647424,0.0024001003319721504,0.007825923249473864,1.5830717070006746,188.89033547224116,0.0047183535061776,0.23517528533935547,3.3815061112927354,16.53
Netherlands,Europe,2008,175.9,44447.40021849391,1.4610637453675963,98.5389362546324,0.0022902931209103296,0.0036673925220148183,0.005567984778012667,1.4495380749466587,205.42440810381333,0.0048012738116085,0.237288875579834,3.4889307293353498,16.6
Netherlands,Europe,2009,170.43,42794.3229645889,1.521435694126268,98.47856430587373,0.0026262484254187014,0.0029227981535419555,0.0033942293149749076,1.5124924182323323,184.2320375418266,0.0048818243667483,0.23263795852661132,3.014151021345558,16.68
Netherlands,Europe,2010,182.48,43419.18480389514,1.4197155815065798,98.58028441849342,0.00325375312527102,0.0038105125117946052,0.0031613528658987465,1.4094899630036155,196.36014816727504,0.0049672685563564,0.2325418472290039,3.841643272289457,16.77
Netherlands,Europe,2011,169.35,44187.98298267391,1.4890140055199623,98.51098599448004,0.0031888077849178626,0.0036584796478886894,0.007228075514087804,1.474938642573068,189.71742003607454,0.0050464370287954,0.22593441009521484,3.7088722776690597,16.85
Netherlands,Europe,2012,165.75,43566.886107936945,1.4468229167385829,98.55317708326142,0.002477240723947746,0.003693586835216496,0.004184027218533091,1.4364680619608854,182.2166598825368,0.0051243677735328,0.22312965393066406,3.5886756156525874,16.92
Netherlands,Europe,2013,164.93,43377.15090511229,1.585686940957558,98.41431305904244,0.004714295635090607,0.003666621455288734,0.0036093421344880238,1.5736966817326907,172.7693834693695,0.0052017569541931,0.2236260986328125,3.225712301604296,16.97
Netherlands,Europe,2014,157.5,43831.77586377285,1.6816313145429262,98.31836868545707,0.0037190111261271776,0.00227837086422508,0.0063853790387644145,1.6692485535138095,185.87247709391735,0.0052758832462131,0.22218366622924804,3.896040057270203,17.03
Netherlands,Europe,2015,163.96,44488.46467572655,1.5615079834098253,98.43849201659017,0.0023023710417587363,0.0032636357534714822,0.006044513605251755,1.5498974630093434,184.81298747626127,0.0053531294688582,0.22089632034301762,3.3117722512447343,17.11
Netherlands,Europe,2016,164.81,45206.50791751995,1.605245779065342,98.39475422093466,0.0019320175481788158,0.004766519665355515,0.006333520433727843,1.59221372141808,190.35392737042983,0.0054306187666952,0.22898969650268555,3.832243609089039,17.2
Netherlands,Europe,2017,162.3,46225.04432800073,1.724499901938799,98.2755000980612,0.0022517110430064586,0.004957551159444563,0.004832404116333296,1.7124582356200146,178.26781071034637,0.005506629589945,0.22160240173339843,3.3406621028686794,17.32
Netherlands,Europe,2018,158.26,47028.724059333166,1.6610142724560717,98.33898572754393,0.002478092866991156,0.00180443865516424,0.0033973257313526027,1.6533344152025635,193.5556711014156,0.0055805542506277,0.2152001953125,3.4143855082188486,17.42
Netherlands,Europe,2019,152.73,47630.665226267934,1.4739078538649153,98.52609214613508,0.0019475669298990334,0.0019597515565387474,0.007214846904147727,1.4627856884743298,169.721928629399,0.0056518060155212,0.20924907684326172,3.3933099502657127,17.54
Netherlands,Europe,2020,136.97,45522.130862735794,1.483292314345391,98.51670768565461,0.0020367591801165783,0.001874076868831985,0.004083027807879741,1.475298450488563,188.06507086858545,0.0057158400304615,0.19995357513427733,3.631931969502565,17.64
Netherlands,Europe,2021,139.89,47483.3546822676,1.631188623173827,98.36881137682617,0.00256127661456428,0.003999608962815373,0.006570556416460899,1.6180571811799866,154.33486060840292,0.0057811141014099,0.19835187911987304,3.0764495975145247,17.73
Netherlands,Europe,2022,127.5,49128.039977668086,1.7925299238419683,98.20747007615803,0.002414084638981798,0.004724339273937065,0.007385025408198366,1.778006474520851,169.88425013178832,0.0058406610041856,0.19754642486572266,3.242531528725473,17.9
Netherlands,Europe,2023,117.02,,1.7270514998756994,98.2729485001243,0.004824571643151172,0.002464541750730411,0.00661464567355868,1.713147740808259,165.11397955969184,0.0058954092673957,0.19473331451416015,3.1304557484400197,18.09
New Zealand,Oceania,2000,32.22,27204.156926785112,6.268074633801277,93.73192536619872,0.007273896845714482,0.012609519500064127,0.018420129968800828,6.229771087486697,163.85146466970252,0.0021141550969332,0.3618557739257813,3.8381350325763717,3.86
New Zealand,Oceania,2001,34.36,27552.213785628777,6.017196808942373,93.98280319105763,0.012329373328094506,0.01613454796377674,0.016928112157080854,5.97180477549342,180.05376286407343,0.0021427383180707,0.36588890075683594,3.7361371993840273,3.89
New Zealand,Oceania,2002,34.52,28542.797697916234,5.983639855131003,94.016360144869,0.010894973475920285,0.014753280913460808,0.022695974979844796,5.935295625761776,187.90084530910227,0.0021661964710801,0.3742976760864258,3.72326159344129,3.95
New Zealand,Oceania,2003,36.22,29389.44552793788,5.511873625620751,94.48812637437925,0.01634136720344543,0.011489359529182388,0.025345176291750232,5.458697722596374,155.45473000332603,0.0021878520492464,0.37541339874267576,3.020815427514233,4.02
New Zealand,Oceania,2004,35.81,30297.475187761145,6.153496625121917,93.84650337487808,0.007532358637868867,0.013418901666895073,0.029784161667701443,6.102761203149452,180.24477223477155,0.00220558186993,0.3767086029052734,3.686063515935345,4.08
New Zealand,Oceania,2005,37.4,30734.498421040666,6.390738122332024,93.60926187766798,0.011475920010341754,0.012888336376466879,0.014811925029402045,6.351561940915814,152.31499945557186,0.0022216802462935,0.3776627731323242,3.0924384242065854,4.14
New Zealand,Oceania,2006,37.3,31282.98283453409,6.170798185360411,93.82920181463959,0.018135610966192848,0.009843021072270367,0.015207844735700462,6.127611708586247,166.76957504978037,0.0022417865693569,0.38283329010009765,3.1761746266286965,4.18
New Zealand,Oceania,2007,36.38,32262.417724180552,6.967626775413592,93.03237322458641,0.019028688024793912,0.014841351507697649,0.03368296250803034,6.90007377337307,189.63602688932312,0.0022591843735426,0.3797298049926758,3.443107132649396,4.22
New Zealand,Oceania,2008,37.49,31895.448779265378,7.094270838315566,92.90572916168443,0.018687331969790732,0.016868548656871905,0.029864082851933982,7.028850874836969,168.87192870587623,0.0022809712681919,0.3691685104370117,3.1776756579952123,4.26
New Zealand,Oceania,2009,34.59,31712.6132447894,8.141258522338518,91.85874147766148,0.012340565699568144,0.022361153785349166,0.03784856004938006,8.06870824280422,156.0451753495629,0.0022981953807175,0.37392669677734375,2.04559508482959,4.3
New Zealand,Oceania,2010,34.79,32080.568637318567,8.23470652301927,91.76529347698073,0.01104912478418727,0.018714051649326623,0.0214752738683112,8.183468072717446,165.4416770718159,0.0023141056299209,0.37588909149169925,3.210247084938347,4.35
New Zealand,Oceania,2011,34.24,32519.207938304684,8.1752813858119,91.8247186141881,0.019107974325006966,0.020620046854070845,0.030761602275564088,8.104791762357259,186.6412262734743,0.0023310799151659,0.3769282913208008,3.339716796342481,4.38
New Zealand,Oceania,2012,35.92,33157.569234591254,7.508014759945382,92.49198524005462,0.021463552047762884,0.00991165515572043,0.030808528790896298,7.445831023951003,150.80974606666314,0.0023482718970626,0.37917572021484375,3.3907569365514756,4.41
New Zealand,Oceania,2013,35.22,33569.21557517451,6.851175547698048,93.14882445230195,0.014480136184663367,0.013175598112902311,0.027681048853215443,6.795838764547267,157.26656530384656,0.0023665614426136,0.3732915496826172,3.0220682661050713,4.45
New Zealand,Oceania,2014,35.4,34141.89903483901,7.45253845911796,92.54746154088204,0.01597246956310652,0.007591626970412523,0.024030375438250196,7.404943987146192,181.62475478398432,0.0023840549401938,0.3778784942626953,3.0493070506832605,4.52
New Zealand,Oceania,2015,35.81,34846.33640100259,7.699270122141371,92.30072987785863,0.012010539463427065,0.011497764544891554,0.015754128533180225,7.6600076895998725,184.49792578859197,0.0024013170041143,0.36804832458496095,3.437002766379036,4.61
New Zealand,Oceania,2016,34.13,35509.300512771784,7.022461817776261,92.97753818222374,0.017829931302554333,0.017225561130690927,0.026325651565036964,6.961080673777979,161.26777750697772,0.0024182060733437,0.3702278137207031,2.766448114592892,4.71
New Zealand,Oceania,2017,35.66,36193.01959379141,6.251414682705658,93.74858531729434,0.008589990754787273,0.01865184526734365,0.01724955740013974,6.206923289283387,151.88633729180148,0.002436300041154,0.3686378479003906,3.072203621382564,4.81
New Zealand,Oceania,2018,35.69,37023.39972494511,5.919020031792357,94.08097996820764,0.0097507478000963,0.007093094348136013,0.019833231770542716,5.882342957873583,184.47738845676903,0.0024545534979552,0.3689083480834961,3.5389224246101496,4.9
New Zealand,Oceania,2019,36.71,37534.39945404366,5.637138102099797,94.3628618979002,0.010433626018392287,0.010163695913536115,0.027468325482128755,5.5890724546857395,180.29636199538245,0.002473002532497,0.36327301025390624,3.6720936812585996,4.99
New Zealand,Oceania,2020,34.11,36484.25604218628,5.331808824488263,94.66819117551174,0.010744771817431473,0.013863459726742364,0.017046357732641758,5.290154235211448,166.3459832672505,0.0024918094277381,0.35729331970214845,2.924271194767638,5.07
New Zealand,Oceania,2021,34.6,38434.655424933444,4.926790406150701,95.0732095938493,0.007315394294191053,0.006937272020555758,0.022266160308654127,4.890271579527299,152.12184200675017,0.0025097525212913,0.3570053482055664,2.9441519009764465,5.11
New Zealand,Oceania,2022,31.97,39090.66162587244,6.191881591854582,93.80811840814542,0.007613993634193992,0.013065922150855301,0.015886026501876864,6.1553156495676555,154.38869033180788,0.0025256634689867,0.3527541732788086,2.560712506680936,5.13
New Zealand,Oceania,2023,31.56,,5.2687680643174275,94.73123193568257,0.01170319882241468,0.012993533331095304,0.021166651318162647,5.222904680845755,152.98990219415242,0.0025409287773072,0.34902606964111327,3.1582868696838533,5.17
Nigeria,Africa,2000,96.83,2121.5997301445796,53.65466348333472,46.34533651666528,0.08462741389356401,0.11975564757201536,0.2645722650505672,53.18570815681858,76.51417822124948,0.00492291059345,2.8626654052734377,1.8798882056720285,126.38
Nigeria,Africa,2001,100.22,2259.0931822215102,51.140894808466655,48.859105191533345,0.11059098028933477,0.07037240115718037,0.11791450267728734,50.84201692434285,89.77109471145043,0.0050226650200784,2.8504904174804686,2.0850790216914783,129.86
Nigeria,Africa,2002,89.91,2583.586791491354,44.83408068709055,55.16591931290945,0.0586755015504545,0.07670076154189719,0.09078721225755867,44.607917211740634,88.31568025669061,0.0051088887266814,2.425767364501953,1.9135365935141324,133.47
Nigeria,Africa,2003,100.03,2822.7169059115668,45.56545362886849,54.43454637113151,0.08941218762897798,0.1169931100501834,0.15040009715366706,45.208648234035664,68.60639871933058,0.00519823981449,2.675811462402344,1.7221342467459266,137.2
Nigeria,Africa,2004,94.96,3110.9032248619696,45.762583154402336,54.237416845597664,0.09450791954299814,0.09648825703308424,0.1042415104198693,45.46734546740638,92.54062490538445,0.0052840099669992,2.619708251953125,2.46195173097873,141.06
Nigeria,Africa,2005,101.67,3322.3468238290207,40.39621673723431,59.60378326276569,0.04458316638837192,0.040818729941497274,0.17148812265129423,40.139326718253145,86.42284086160143,0.0053646024316549,2.552545166015625,1.7972371766730186,145.02
Nigeria,Africa,2006,90.1,3539.315701283498,40.276134186010395,59.723865813989605,0.06739037233825743,0.10157566611642146,0.191055722486424,39.91611242506929,89.48467196979672,0.005439942702651,2.3802810668945313,1.9733483066297728,149.08
Nigeria,Africa,2007,82.17,3790.7735059701663,39.40155354443608,60.59844645556392,0.04999384772557422,0.04218419802924491,0.13010640887564934,39.17926908980561,97.43314624124596,0.0055076857097446,2.240941925048828,1.7330924501055125,153.27
Nigeria,Africa,2008,86.49,4054.1132133533106,36.6473034206278,63.3526965793722,0.0412923469650055,0.09130556783415579,0.1017378589868136,36.41296764684182,73.95679094084761,0.0055908020585775,2.191348114013672,1.422830366574062,157.6
Nigeria,Africa,2009,77.03,4380.953581889618,40.35344358382121,59.64655641617879,0.12025005235976959,0.05669501930671806,0.13329589664611616,40.043202615508605,81.16184674486522,0.0056335008703172,2.128713226318359,1.8279335358458357,162.05
Nigeria,Africa,2010,112.05,4860.68995521129,28.979418251740668,71.02058174825933,0.04766267204889921,0.08450824244430119,0.12085412719383416,28.726393210053633,86.88107790503486,0.0056863212957978,2.2212306213378903,2.22127731049113,166.64
Nigeria,Africa,2011,126.12,5082.890780665951,22.19604646497794,77.80395353502206,0.05814806812695341,0.03852970648949786,0.04499499270337388,22.054373697658114,82.45163923018586,0.0057368245907127,2.333117523193359,1.742341980407502,171.38
Nigeria,Africa,2012,110.12,5155.377007370127,22.241366202821837,77.75863379717816,0.03356847830827624,0.036784177807333174,0.08381351852517399,22.087200028181055,100.67396866681906,0.0057766851969063,2.38340805053711,2.040008539875468,176.2
Nigeria,Africa,2013,117.4,5287.962591941737,21.627136220064827,78.37286377993517,0.051105040635828665,0.02806718051222413,0.08304550087520692,21.464918498041566,123.001424727506,0.0058200918138027,2.2836293029785155,2.345957222288784,181.05
Nigeria,Africa,2014,123.97,5475.027676833392,19.00681051827425,80.99318948172575,0.047905824285547086,0.030623933353090983,0.07437488007199311,18.85390588056362,81.72882710739461,0.0058674132451415,2.316862640380859,1.6472342324650169,185.9
Nigeria,Africa,2015,110.52,5479.515971476508,20.61331622744592,79.38668377255408,0.045169495662380175,0.056754674976638074,0.056193265460901934,20.455198791346,97.82380945079196,0.0059109302237629,2.3033758544921876,2.153672387925318,190.67
Nigeria,Africa,2016,116.4,5259.298154617398,17.339960304644862,82.66003969535514,0.0336941850847958,0.05189275603386706,0.07182485824569054,17.18254850528051,107.29784108521179,0.0059580137021839,2.214530334472656,1.7675881638097954,195.44
Nigeria,Africa,2017,112.54,5174.315688500108,18.285330611554244,81.71466938844576,0.03334662516064931,0.031754653676962334,0.04158403185108211,18.178645300865547,101.0984095752005,0.0060085020959377,2.2583354187011717,2.5018564262032266,200.25
Nigeria,Africa,2018,106.79,5153.2644961505375,21.310323228774024,78.68967677122598,0.036179314277360666,0.040430398327785146,0.055360192297590295,21.178353323871285,95.9889541626974,0.0060604652389883,2.293737945556641,1.83619657716432,204.94
Nigeria,Africa,2019,127.86,5152.748936758848,18.3667397522635,81.6332602477365,0.05251157952135153,0.04489091776154831,0.08508227146645514,18.184254983514144,87.19723465238454,0.0061196815222501,2.3714178466796874,2.111726800069595,209.49
Nigeria,Africa,2020,124.9,4953.6359793937445,19.013623341559367,80.98637665844063,0.05059979246128933,0.05271320889484369,0.08016465790793349,18.830145682295303,101.78618443532285,0.0061827520839869,2.164056701660156,1.7475793717470032,214.0
Nigeria,Africa,2021,147.78,5027.800241812898,16.08699825053752,83.91300174946248,0.047135770697765145,0.035167604583645484,0.03283737061107458,15.971857504645035,94.97262224037264,0.0062517775222659,2.1047772216796874,2.2202139950098276,218.53
Nigeria,Africa,2022,131.44,5083.773131756857,15.91796998570834,84.08203001429166,0.019875088931207905,0.02838255861016472,0.04369687754460355,15.826015460622363,80.07858805295639,0.0063149016350507,2.0290625,1.9828407911916517,223.15
Nigeria,Africa,2023,129.38,,16.852233711476828,83.14776628852317,0.041485732719974446,0.030759433104358434,0.044544151904923425,16.735444393747574,113.00597912709965,0.0063778501935303,2.0826991271972655,2.4233562876353636,227.88
Norway,Europe,2000,42.13,54054.470994668285,10.490025749726854,89.50997425027315,0.030176456857853147,0.025084130287184397,0.029502347562344166,10.405262815019471,186.2437632578186,0.0010796728311106,0.08507570266723632,3.1815716555851603,4.49
Norway,Europe,2001,43.52,56596.17633223666,9.464022511788627,90.53597748821137,0.012894410147933199,0.009524937950188155,0.025956778740403454,9.415646384950104,180.07853232304473,0.0010998557554557,0.09249201774597168,3.456120974048139,4.51
Norway,Europe,2002,42.57,58854.21101622383,8.252860597369178,91.74713940263082,0.009350429447015987,0.018479629456713966,0.01805378360204511,8.206976754863403,180.73623367271637,0.0011195513652637,0.0961969757080078,3.036862883343145,4.54
Norway,Europe,2003,43.92,60871.10910327284,7.356875345150243,92.64312465484976,0.018261539810237794,0.012587510872928765,0.02484285520462548,7.30118343926245,191.82979441402372,0.0011399767827242,0.10365985870361329,3.493447734095524,4.56
Norway,Europe,2004,44.26,64843.215147028175,6.653067841654675,93.34693215834533,0.014297085032039712,0.017220765290949742,0.027930912236120514,6.593619079095564,184.02811239943756,0.0011605662293732,0.1045115566253662,3.7532737286775983,4.59
Norway,Europe,2005,43.28,68122.99364520064,6.686297357591187,93.31370264240881,0.017943732408757296,0.007929823496251431,0.025542960898417188,6.63488084078776,188.58255611857143,0.0011809500865638,0.09660597801208497,3.7563314760183655,4.62
Norway,Europe,2006,43.86,71335.36282710369,6.314036905296803,93.6859630947032,0.008079092794015676,0.01374189854787956,0.02537368345476435,6.266842230500144,177.26050089622328,0.0012016494292765,0.10241085052490234,3.3407228971017022,4.66
Norway,Europe,2007,45.6,74897.35357230606,9.178882223008685,90.82111777699131,0.023778212205749983,0.018008469240458395,0.0205923407028515,9.116503200859626,193.25362217129734,0.0012232718290761,0.11075616836547851,3.299615981963905,4.71
Norway,Europe,2008,44.69,76538.63899224365,8.394627121291535,91.60537287870847,0.011779799459823784,0.019178793682215277,0.04075148340650408,8.322917044742992,181.47720957840687,0.0012446033069863,0.10867981910705567,3.5973116669067684,4.77
Norway,Europe,2009,43.1,76649.83154541925,6.586601254111173,93.41339874588883,0.008742474131155163,0.0074409307876214465,0.029741636601279677,6.540676212591117,178.0754132374573,0.0012652999721467,0.1037189483642578,3.355020983108724,4.83
Norway,Europe,2010,45.66,78492.2019948212,6.609749450946424,93.39025054905358,0.008781260986313738,0.01427684449196826,0.02918383477380981,6.557507510694332,166.7221760999741,0.0012872990919277,0.10091656684875489,2.4714601381304586,4.89
Norway,Europe,2011,44.78,80642.54825963982,6.471012817211985,93.52898718278801,0.017013259727600264,0.013737760747918121,0.02891864188677347,6.4113431548496935,180.01300738348579,0.001308772014454,0.09637925148010254,3.614997066030728,4.95
Norway,Europe,2012,44.26,81753.50474080359,6.140865507397933,93.85913449260207,0.014310638843778464,0.013026741977747398,0.029464680378136085,6.084063446198271,167.32017998896137,0.0013301154831424,0.08336151123046875,3.169853029662474,5.02
Norway,Europe,2013,44.54,81581.70048105106,6.396132346411747,93.60386765358825,0.013087323711722474,0.014116106316368011,0.023235625884791607,6.345693290498865,168.63868696256614,0.0013518042396754,0.08409716606140137,3.55895436579598,5.08
Norway,Europe,2014,44.97,82324.5176656583,6.136835061560191,93.86316493843981,0.010541002053811647,0.014439579371944266,0.015960963251470596,6.095893516882965,166.97224472276642,0.0013738386332988,0.0830009365081787,2.8429747599114217,5.14
Norway,Europe,2015,45.52,83007.22519329829,6.047128686686747,93.95287131331325,0.0166562177953429,0.015782872831560452,0.023283566918943246,5.991406029140901,164.67328757540835,0.0013962906086817,0.08407652854919434,2.1817614572477333,5.19
Norway,Europe,2016,44.71,83233.13932689505,6.032136145135297,93.9678638548647,0.010766700780066465,0.009287326782318972,0.025507759218790015,5.9865743583541216,194.73098033378795,0.001418491709046,0.08323351860046387,3.699420842844163,5.24
Norway,Europe,2017,44.2,84623.84591761646,5.418589824700177,94.58141017529982,0.014268224651853291,0.014359798502453312,0.022832594686692558,5.367129206859178,185.98418740026062,0.0014406996779143,0.0823311996459961,3.5632161014087615,5.28
Norway,Europe,2018,44.47,84763.99165548234,5.226323735630984,94.77367626436902,0.009816446127240334,0.01043441473288398,0.018628431707036913,5.187444443063823,192.0016580861605,0.0014630225487053,0.08348529815673827,3.0648250410966322,5.31
Norway,Europe,2019,42.87,85139.78374574796,5.226419220677286,94.77358077932271,0.009166558442824426,0.006031896963037255,0.011526220340998466,5.199694544930426,157.7157765494846,0.0014848227147012,0.07916326522827148,2.7299025610317718,5.35
Norway,Europe,2020,41.28,83558.70642884032,5.06408205956491,94.93591794043509,0.009750178863430494,0.0056570954802754895,0.015766203239859104,5.032908581981346,168.04500750819528,0.0015058431308716,0.08041759490966797,4.015285443247095,5.38
Norway,Europe,2021,41.06,86353.71518608631,4.753050884558618,95.24694911544138,0.007617979627323162,0.007930354357222013,0.022635453397603637,4.71486709717647,153.9982504048141,0.0015270669246092,0.08205081939697266,2.8722888222308844,5.41
Norway,Europe,2022,40.83,88390.41290750103,5.059959472637004,94.940040527363,0.012625705802747208,0.013003053261395644,0.018991782336872383,5.0153389312359895,158.85878451661898,0.001548366388306,0.08233789443969726,3.261028245178768,5.46
Norway,Europe,2023,38.87,,6.366179144247269,93.63382085575273,0.012766995269836453,0.015376626359305331,0.02301371105800442,6.315021811560123,152.06617228744815,0.0015688471030443,0.08262821197509766,2.7378608083886555,5.52
Pakistan,Asia,2000,103.94,2968.757342700363,3.83804573641288,96.16195426358712,0.005620531625511253,0.009891526342077527,0.010771707726608352,3.811761970718683,124.69422080469207,0.00160949525889,1.1416008758544922,1.8680166632191262,154.88
Pakistan,Asia,2001,105.4,3000.9525586373557,4.187363256291434,95.81263674370857,0.011721054285139382,0.008519350137411704,0.013003214919819713,4.154119636949062,107.98197107265898,0.0016612242907285,1.1496532440185547,2.176634063123772,159.27
Pakistan,Asia,2002,110.57,3092.8613497416704,3.974557344502429,96.02544265549757,0.00702615269130024,0.00747374966523564,0.018624927812550627,3.9414325143333424,122.92331259576817,0.0017149681225419,1.1912715148925779,2.3870916334464596,163.22
Pakistan,Asia,2003,113.14,3254.8589953698233,4.5704320208230484,95.42956797917695,0.00953897482371376,0.0059182755200423804,0.018278936200981987,4.53669583427831,117.80125512874456,0.0017662544269114,1.2349625396728516,2.2648566104594017,167.11
Pakistan,Asia,2004,124.64,3456.3578375953543,4.496637386244046,95.50336261375595,0.012648790153745534,0.007448164997792069,0.019615056598302337,4.456925374494206,135.2603046857221,0.0018213932635262,1.2670243072509766,2.6297726243196364,171.29
Pakistan,Asia,2005,129.95,3654.188118927113,5.109126127919211,94.89087387208079,0.011487747437847418,0.009544045495402975,0.017182176472124815,5.070912158513836,97.04336625271148,0.0018801207188516,1.3019989013671875,2.1319743415370747,175.45
Pakistan,Asia,2006,137.91,3817.6500101929687,5.719042364088139,94.28095763591186,0.007056132058268208,0.006732461585716426,0.022251316371931847,5.683002454072223,124.1573263012447,0.001941698603332,1.3848051452636718,2.4414821354437732,179.68
Pakistan,Asia,2007,148.35,3898.5373809188695,6.380287498684709,93.61971250131529,0.01837308579699142,0.009195422866572234,0.01751485149859686,6.335204138522548,122.79289221366548,0.0020055277273058,1.4090213012695312,2.085484425034439,184.49
Pakistan,Asia,2008,147.9,3941.5103942650667,6.984057193810671,93.01594280618933,0.015751955081143323,0.015340136530861389,0.028749050747700435,6.924216051450966,100.92285424282444,0.0020696672145277,1.4605311584472656,2.2606211053537733,189.5
Pakistan,Asia,2009,148.35,3986.49237716888,7.82618269387423,92.17381730612577,0.013068247744895428,0.019341050560234965,0.025691823860868254,7.768081571708231,119.91626747009975,0.0021344341803342,1.4924502563476563,1.8338487529248695,194.38
Pakistan,Asia,2010,147.5,4042.8396078413302,7.602626680477471,92.39737331952253,0.0097202938314296,0.022782753533486116,0.025298778375723606,7.544824854736832,113.20204201528095,0.0022045248188078,1.4903778076171874,1.6961254350592352,199.24
Pakistan,Asia,2011,149.49,4147.7950121825415,7.373201146489208,92.62679885351079,0.01908221601822732,0.021133265715422577,0.02910915461701232,7.303876510138545,107.69626914990054,0.0022751064971089,1.547274627685547,2.444894454808879,203.75
Pakistan,Asia,2012,150.56,4230.255549658993,8.231297945620938,91.76870205437906,0.01843930514964071,0.018809589159343994,0.039583010159307486,8.154466041152645,100.97546820490507,0.0023464327678084,1.5815496826171875,2.267713572919088,207.67
Pakistan,Asia,2013,148.18,4350.742515556595,8.84200818034698,91.15799181965302,0.018275742858649916,0.01629136564670983,0.019381850281616615,8.788059221560003,101.35164386997201,0.0024153315462172,1.6495993041992187,2.1044076923973414,211.07
Pakistan,Asia,2014,150.81,4487.5196483998625,8.661097104533923,91.33890289546608,0.02414527803018792,0.019681084967422914,0.03875173800397815,8.578519003532334,129.20001824905512,0.0024843788705766,1.7033291625976563,2.1485657405583605,214.26
Pakistan,Asia,2015,144.9,4651.945185689428,9.386162412626533,90.61383758737347,0.02418996541802212,0.02413466978671431,0.027005390908366345,9.310832386513429,107.83251873524266,0.0025555421598255,1.7416793823242187,2.01294701756166,217.29
Pakistan,Asia,2016,176.74,4820.352010585246,8.642880964926135,91.35711903507386,0.011264696826725448,0.010688412188913353,0.028795990939792966,8.592131864970703,117.32988590652066,0.0026409202255308,1.7886822509765625,2.2984541501983795,220.14
Pakistan,Asia,2017,211.98,5004.018861535559,7.325215735343633,92.67478426465637,0.011892078527483243,0.013330499231338729,0.01513199105295663,7.284861166531854,103.82619196678418,0.00274013960734,1.8413900756835935,1.6824508808963128,223.27
Pakistan,Asia,2018,203.5,5135.558073061238,7.899183859699903,92.1008161403001,0.011824906664766184,0.02116668917976381,0.022932422676564104,7.843259841178809,103.05616567490772,0.0028316676616668,1.8975349426269532,1.9271900533915538,226.93
Pakistan,Asia,2019,190.83,5079.40034715548,8.335614911413472,91.66438508858653,0.020738114530732623,0.014734582266663337,0.02924045126585694,8.270901763350219,120.76574510608715,0.0029206103645265,1.9479080200195313,2.6279510231503984,230.8
Pakistan,Asia,2020,215.51,5114.968070683901,7.900811859044211,92.09918814095579,0.008430678775090355,0.016937322303784818,0.017133133572392118,7.858310724392943,97.52002943728837,0.0030176013242453,2.0284677124023442,2.488512080283379,235.0
Pakistan,Asia,2021,243.55,5337.467278151309,7.953326537374721,92.04667346262528,0.017018364045501038,0.017302769848576923,0.02762418716543301,7.891381216315211,107.62131521153091,0.0031261064577847,2.0977052307128905,2.0961106175869295,239.48
Pakistan,Asia,2022,211.97,5411.70028622039,8.194440515224727,91.80555948477527,0.02069028520646175,0.01121779988077502,0.03918033972808837,8.123352090409401,110.7430847547254,0.003219895530492,2.13509750366211,2.4988358623704356,243.7
Pakistan,Asia,2023,186.86,,8.767874546335719,91.23212545366428,0.024142616765666064,0.015119944363623274,0.02030797263588294,8.708304012570546,110.13926421855119,0.0033017131499946,2.227594757080078,1.6880102063205789,247.5
Philippines,Asia,2000,71.47,4109.840167272752,6.4812637740895696,93.51873622591043,0.010915507865548813,0.010817375569583771,0.027826153543122404,6.431704737111315,110.20434635273475,0.0059672892093658,0.6048362731933594,2.4611049139778394,79.63
Philippines,Asia,2001,69.8,4171.673142780879,4.729233138004602,95.2707668619954,0.012497067658171051,0.004977013822197581,0.015270756039930194,4.696488300484303,117.03452723912368,0.0060138879343867,0.6102398681640625,2.1313679114077346,81.4
Philippines,Asia,2002,69.49,4272.316350589449,7.318735722683755,92.68126427731625,0.008938104613317009,0.00767284197585654,0.02902260125252555,7.273102174842056,117.76600996666441,0.0060681761242449,0.6195842361450196,2.4764598444790216,83.07
Philippines,Asia,2003,69.5,4433.711400163688,6.940632835828765,93.05936716417123,0.018690461975778977,0.018485640457424332,0.019299885702839487,6.884156847692723,118.35581557798962,0.006134261842817,0.6209695434570313,2.3193673237759214,84.73
Philippines,Asia,2004,72.0,4677.290022352115,6.6477522288562625,93.35224777114374,0.008342778307198942,0.010278366400120961,0.016476299589096455,6.612654784559846,101.49073133690177,0.0061848033219575,0.6366901016235352,2.519975904325579,86.39
Philippines,Asia,2005,72.33,4849.848719366905,7.505892075218156,92.49410792478184,0.013469883126822063,0.015283178686919604,0.018625029344917873,7.458513984059497,107.72835608426188,0.0062501006759703,0.6371504211425781,1.9613230028462145,88.02
Philippines,Asia,2006,65.65,5059.096368250913,6.51556886338895,93.48443113661105,0.016905234583784075,0.010408302955334977,0.01440902310523444,6.4738463027445965,122.60233957038609,0.0063232281245291,0.6446855163574219,2.6499193223947266,89.51
Philippines,Asia,2007,70.01,5344.366925643189,6.795452737446112,93.20454726255389,0.00883296632158232,0.019580135440001676,0.01737556570194923,6.749664069982578,119.65975072276915,0.0064033027738332,0.6662423706054688,2.3307037725753466,91.08
Philippines,Asia,2008,76.61,5513.993015303678,6.2871423096608225,93.71285769033918,0.009169814602692655,0.009547613556506676,0.025102410014104747,6.243322471487518,97.85276131672096,0.0064779571257531,0.6865580749511718,2.018152537664636,92.7
Philippines,Asia,2009,75.58,5521.7222758528715,7.22768624765483,92.77231375234517,0.01766811615947072,0.013438535520943646,0.03357312182503275,7.163006474149383,114.13886281209982,0.0065409261733293,0.7060415649414062,2.271065637045834,94.38
Philippines,Asia,2010,82.25,5870.164762895618,7.065620155150214,92.93437984484979,0.017240629485279206,0.01939838105081681,0.031388148869115624,6.997592995745002,91.39509061171547,0.0066154259257018,0.7001438903808593,1.7086195184392134,96.34
Philippines,Asia,2011,82.98,6014.772808978252,7.049518925945293,92.95048107405471,0.016089083670645148,0.018919972152920253,0.028588639704714515,6.985921230417013,111.58649400023931,0.006697020959109,0.7197174835205078,2.2811542142318277,98.25
Philippines,Asia,2012,87.48,6305.936985008242,7.768177820087587,92.23182217991241,0.018549607649274803,0.010659515632888195,0.018109918696118384,7.720858778109306,129.74896870881403,0.0067688464187085,0.7226268005371094,2.557189032704478,100.18
Philippines,Asia,2013,94.83,6606.2968492677255,7.655643666537173,92.34435633346283,0.015965453561315048,0.019945146008789105,0.02195303545810729,7.597780031508962,101.82828482660604,0.0068423547782003,0.7400322723388671,2.2016246317477157,102.08
Philippines,Asia,2014,100.07,6911.187103079379,7.734993567446509,92.26500643255349,0.011630321769315237,0.014823138810658392,0.02265904969820302,7.685881057168332,103.18403615047755,0.0069131753407418,0.7382463073730469,2.1762961221154997,103.77
Philippines,Asia,2015,111.05,7242.022223802063,7.837377087418389,92.16262291258161,0.013256076804818297,0.01540779543145452,0.021551774708450128,7.787161440473666,119.80592108628461,0.0069848569110035,0.7354423522949218,2.656293102264225,105.31
Philippines,Asia,2016,120.22,7656.320842541551,6.948931411136542,93.05106858886346,0.00947275156808075,0.008804017757294124,0.024634079839283056,6.906020561971884,98.02317850225846,0.0070598288439214,0.7474631500244141,2.345423440850346,106.74
Philippines,Asia,2017,133.58,8082.184098694844,6.984118480088725,93.01588151991128,0.01967357118740306,0.008109979523597243,0.02518935084692686,6.931145578530797,107.96869125588478,0.0071405116468667,0.7787753295898437,1.9123120635458162,108.12
Philippines,Asia,2018,139.86,8489.025878314078,7.064393011605404,92.9356069883946,0.015307010847552835,0.017349291717722096,0.021692334390027122,7.010044374650101,120.5339834686084,0.0072215306572616,0.7816167449951172,2.689175485674966,109.47
Philippines,Asia,2019,142.6,8899.57567027062,6.895106373507801,93.1048936264922,0.01242293269062101,0.01374141128511591,0.02110845439686029,6.847833575135204,108.43673742405558,0.0073025035671889,0.7812587738037109,1.8790868706519332,110.8
Philippines,Asia,2020,131.46,7960.797471120733,6.224172081809428,93.77582791819057,0.011975379331160907,0.011662239976081895,0.027919562025760708,6.172614900476424,112.04396951200329,0.0073778377845883,0.7851552581787109,2.4690602786333735,112.08
Philippines,Asia,2021,140.27,8338.936821793366,6.838932870335626,93.16106712966437,0.019795747207920728,0.016817048478558014,0.02987162815475424,6.772448446494393,121.89243131164258,0.0074553382582962,0.7976084899902344,2.6362005363971424,113.1
Philippines,Asia,2022,150.96,8904.636286360199,6.729518751327262,93.27048124867274,0.008793481036951278,0.017032585567614392,0.01967299096528237,6.684019693757414,119.42905671839804,0.0075391661375761,0.7852308654785156,1.8374698399956177,113.96
Philippines,Asia,2023,160.98,,6.29990306412806,93.70009693587194,0.013686285294139856,0.00830211516895833,0.029870141980821992,6.24804452168414,118.83750719341427,0.007626533973962,0.7852251434326172,2.4292938890534512,114.89
Poland,Europe,2000,317.31,12760.904893390225,4.481290075777906,95.5187099242221,0.009015357908044613,0.009950481888466393,0.021772101590792275,4.440552134390603,169.3744302663062,0.0107247335836291,0.7400876617431641,3.0694420502528046,38.26
Poland,Europe,2001,313.27,13048.917813384187,3.925158663265634,96.07484133673437,0.00872526844207918,0.004987731160586888,0.01169786628505122,3.8997477973779167,176.0849288021552,0.0108587872236967,0.712623062133789,3.0897292834538703,38.25
Poland,Europe,2002,305.85,13447.492665292977,3.9653636207800105,96.03463637921999,0.00410899054895761,0.009924314484180068,0.012146998636282415,3.9391833171105906,169.59397574720262,0.0109868794679641,0.6922177124023438,3.618759311164943,38.23
Poland,Europe,2003,318.73,14064.940592526968,4.0040703563392555,95.99592964366074,0.01098816133805524,0.009265059689646207,0.014081924887287193,3.969735210424267,178.11894043918645,0.0111235976219177,0.6567034912109375,3.1537993048357573,38.2
Poland,Europe,2004,323.62,14945.41444579335,3.9026582585255767,96.09734174147442,0.011178136484640269,0.01136933816092092,0.01882393525096568,3.86128684862905,169.74012662832786,0.0112593518570065,0.6370195770263671,2.9739289473178308,38.17
Poland,Europe,2005,322.58,15631.954528411048,4.0114648030751425,95.98853519692486,0.00854548855311097,0.00456471011408247,0.018568903293053714,3.9797857011148956,172.65450761540464,0.0113978907465934,0.6335463333129883,3.2851806038480023,38.12
Poland,Europe,2006,336.39,16776.838781572482,4.2666819048662745,95.73331809513373,0.01021145683335771,0.004753550597512771,0.00984623841965576,4.241870659015748,167.37305830107513,0.0115379961207509,0.6308209228515625,3.383645856706727,38.07
Poland,Europe,2007,335.73,18154.71752516148,4.498209220265906,95.5017907797341,0.012797399664468514,0.007036882222715539,0.014296173591927913,4.464078764786794,176.69437715360775,0.0116825848817825,0.6035908889770508,3.2846154586546863,38.02
Poland,Europe,2008,329.43,19115.725064245085,4.4467332196295075,95.55326678037049,0.010736536278443096,0.006774203934898121,0.016275548595997655,4.412946930820168,167.69344463175793,0.0118234399706125,0.5801966094970703,3.5330062778089024,38.0
Poland,Europe,2009,315.89,20014.119321713166,3.9870146852051107,96.01298531479489,0.005203365493537696,0.005956430882873881,0.013992019040409863,3.96186286978829,162.1685352004113,0.0119510311633348,0.5402778244018555,3.253989261795808,38.0
Poland,Europe,2010,334.03,20884.956682200318,4.188982139003599,95.8110178609964,0.009017105434312505,0.011781550641389242,0.010814231065007451,4.157369251862889,179.38098698561274,0.0120947435498237,0.5420384216308594,2.716632395850374,38.1
Poland,Europe,2011,333.41,22069.269558741733,4.82983945153569,95.17016054846431,0.010690511985256137,0.007240375613563599,0.02210352027215674,4.789805043664714,178.0709907969574,0.0122341616079211,0.5316223526000976,3.190295763699216,38.21
Poland,Europe,2012,325.78,22387.307377219233,4.563576502067804,95.4364234979322,0.008434682032791428,0.007045703261876594,0.01839496615586285,4.529701150617273,182.3181883426557,0.0123691400513052,0.5478219985961914,3.248538383676982,38.25
Poland,Europe,2013,321.76,22572.339302658358,4.647455459551807,95.35254454044819,0.011492639026570958,0.01170599466084885,0.020977336473031204,4.6032794893913564,169.25009207039662,0.0125040896236896,0.5330078887939453,3.351809759155172,38.26
Poland,Europe,2014,309.42,23434.850158628826,5.031791718093885,94.96820828190612,0.014434872131243557,0.009557786147172837,0.02302695240206438,4.984772107413404,174.74386157338466,0.0126327238976955,0.49906654357910163,2.5084566682619207,38.27
Poland,Europe,2015,312.55,24461.300455068653,4.95064504563301,95.04935495436699,0.0141149673912647,0.012641081586995057,0.02101582268922829,4.902873173965522,176.88928707880834,0.0127623751759529,0.49081077575683596,4.09493150587625,38.27
Poland,Europe,2016,323.3,25185.77720839782,4.913259127177781,95.08674087282222,0.009343440440062674,0.005555580867701295,0.016300384740385806,4.8820597211296315,178.11210147969874,0.0128982244059443,0.48562728881835937,3.509101452143443,38.26
Poland,Europe,2017,336.51,26486.072151420663,4.879227720170107,95.1207722798299,0.0059842561446583195,0.009637169487625316,0.018695445394933716,4.84491084914289,168.21109845189721,0.0130403786897659,0.4812367630004883,3.2360406164056625,38.25
Poland,Europe,2018,335.72,28070.921241246648,5.147209146438797,94.8527908535612,0.015285576400616155,0.005493241607055056,0.012770721148333336,5.113659607282792,177.60792316962335,0.01318618375808,0.489969367980957,3.6961970856397173,38.24
Poland,Europe,2019,317.44,29331.734933088796,5.329370572428957,94.67062942757104,0.014270968122772806,0.005997174849955699,0.021429059337285093,5.287673370118943,175.8133236778964,0.0133265852928161,0.48285255432128904,4.0161093946901305,38.23
Poland,Europe,2020,302.1,28780.518230630816,5.607272217043402,94.3927277829566,0.0070053073946698356,0.015772555314294782,0.01422990983625114,5.570264444498186,168.90154917083532,0.013456898741424,0.4643891525268555,3.463648780109886,38.17
Poland,Europe,2021,330.69,30856.99787570041,5.181945247823677,94.81805475217632,0.014725449683075877,0.006625069026112211,0.021151916843967236,5.139442812270521,154.53564194947555,0.0136002963408827,0.47203960418701174,3.2572142001330953,38.04
Poland,Europe,2022,314.89,32069.76159986937,5.441652420244253,94.55834757975575,0.014908999708198355,0.011236149008826316,0.014631485001939892,5.400875786525289,172.8784511345941,0.0137361558154225,0.4647259902954102,3.30526222549282,38.39
Poland,Europe,2023,283.24,,5.204918545008994,94.795081454991,0.01060593819579285,0.009484356796505123,0.012245371916443383,5.172582878100252,186.41806348521135,0.0138582317158579,0.4472850799560547,3.4402312897532967,38.76
Portugal,Europe,2000,65.5,23218.110152038334,7.680964862125862,92.31903513787414,0.01676409655371578,0.013016828630302043,0.019170562807379058,7.632013374134465,151.21458655187988,0.0008633738034404,0.1265831184387207,2.776694751628608,10.28
Portugal,Europe,2001,65.19,23598.648253208874,7.592223158916283,92.40777684108372,0.013650858296502321,0.021255694291500347,0.015229820523270323,7.54208678580501,147.01072683098369,0.0008932246128097,0.1210504913330078,2.6043380317813765,10.35
Portugal,Europe,2002,69.58,23738.56182173418,7.481951857219187,92.51804814278081,0.008301399747796914,0.007808515065289597,0.03109662937040706,7.434745313035693,161.20593955323315,0.0009234395693056,0.12163984298706057,2.8731908029418816,10.41
Portugal,Europe,2003,64.48,23516.497140874628,7.641208088321164,92.35879191167884,0.01276383183641637,0.017785518326219323,0.03207170263652171,7.578587035522007,156.35501195358884,0.000951905734837,0.11942854881286619,2.596513401954527,10.45
Portugal,Europe,2004,67.3,23973.890682300986,7.986322322827959,92.01367767717204,0.020810015159823378,0.023374279274123742,0.028309915767198456,7.913828112626814,166.9073428681674,0.0009793190984055,0.11558796882629396,3.1477560506851723,10.48
Portugal,Europe,2005,69.64,24202.33195728113,7.919391211006868,92.08060878899313,0.007992756815550535,0.016791773188593654,0.019672467867398104,7.874934213135326,144.12956767913687,0.0010084566893056,0.11103253364562989,2.3006728096982743,10.5
Portugal,Europe,2006,64.86,24625.32473480213,8.295662466523822,91.70433753347618,0.013828855588953838,0.02383878833869254,0.01867074067785572,8.23932408191832,159.97819876102696,0.0010350389638915,0.11413070678710938,3.1169261374195445,10.52
Portugal,Europe,2007,62.38,25283.757273043957,9.022813173881119,90.97718682611888,0.016208016641799914,0.009965839337203167,0.018563417618881486,8.978075900283233,156.0026700550992,0.001063204719685,0.11238741874694824,2.985143538468885,10.55
Portugal,Europe,2008,60.01,25391.62069648051,9.088680885698963,90.91131911430104,0.018857115174660103,0.01670123855395448,0.02269665863486768,9.030425873335481,146.75186100968185,0.0010892411228269,0.10643463134765624,2.892110365670916,10.56
Portugal,Europe,2009,57.15,24703.484334498047,7.926085508575909,92.07391449142409,0.022507794051038588,0.012050151302350777,0.03703516245534549,7.854492400767175,150.27260541932884,0.0011131555074825,0.10419029235839844,2.747722215703264,10.58
Portugal,Europe,2010,52.89,25265.717404162475,8.907060473160087,91.09293952683991,0.015076909906068844,0.021925993533433226,0.024268270712919097,8.845789299007665,153.1663858490766,0.0011354548623785,0.10225337982177735,3.8737202846393775,10.58
Portugal,Europe,2011,51.78,24952.52090404043,8.05049445375829,91.94950554624171,0.013636784108916812,0.023850348022832753,0.02465716697217993,7.988350154654361,151.52377081052006,0.0011577365221455,0.10235913276672363,3.332415103022415,10.56
Portugal,Europe,2012,49.93,24040.085321960916,8.197746201516665,91.80225379848333,0.02028944231212764,0.012403682891470995,0.018986279038794678,8.146066797274273,130.00742138045172,0.0011802833760157,0.09650739669799804,2.2067559920618107,10.51
Portugal,Europe,2013,48.15,23943.23634788374,10.099847978450924,89.90015202154908,0.01923451289068124,0.023313976030954663,0.0269371420796414,10.030362347449646,146.95083175017496,0.0012014139210805,0.09230302810668943,2.921073734230869,10.46
Portugal,Europe,2014,47.94,24253.69854989375,10.379677779594587,89.62032222040541,0.015042329159314402,0.014492056973487715,0.03692750677902967,10.313215886682755,137.90610695549134,0.0012221643701195,0.09272046089172363,2.524095868406664,10.41
Portugal,Europe,2015,52.23,24773.9004917329,9.465922419295708,90.53407758070429,0.01803143713756724,0.020168667081406813,0.03619066408349819,9.391531650993235,143.45048241483576,0.0012447559274733,0.09298136711120604,2.4908638006251484,10.37
Portugal,Europe,2016,50.31,25332.548898324505,8.377795621329014,91.62220437867099,0.010737938278471693,0.01615125873246866,0.022922125872571898,8.3279842984455,142.9310166771139,0.0012674131430685,0.09475529670715332,2.3848746454966414,10.35
Portugal,Europe,2017,55.17,26260.244233042857,8.199226344397758,91.80077365560224,0.011091699997539273,0.024138609755617605,0.017818529811308156,8.146177504833293,144.65701151574723,0.0012927211355417,0.09993794441223144,2.944177191479732,10.33
Portugal,Europe,2018,51.34,27022.826426887987,8.221802579699371,91.77819742030063,0.01641676545879634,0.018228184780645834,0.026088590315815424,8.161069039144113,155.11765567342445,0.0013195930514484,0.10032776832580566,2.777468420253919,10.33
Portugal,Europe,2019,47.58,27699.856637170367,8.935504923153374,91.06449507684663,0.01642212575611763,0.015181536740063862,0.024149185968100874,8.879752074689092,138.81770015439145,0.0013428196543827,0.10208226203918455,3.0114310096778243,10.34
Portugal,Europe,2020,41.74,25333.75929295342,9.90550378635136,90.09449621364864,0.028029522860267535,0.01216585624477967,0.02633538422628602,9.838973023020028,123.07767215559309,0.001362680341117,0.10360146522521972,2.7673774188486213,10.37
Portugal,Europe,2021,40.3,26675.24161075828,9.691837607719464,90.30816239228054,0.016716363248252823,0.012623557013282553,0.04729217844420675,9.61520550901372,129.33809254492303,0.0013817178551107,0.10506461143493652,2.981583796282204,10.39
Portugal,Europe,2022,40.72,28387.32934564927,10.419000575331083,89.58099942466892,0.022517301286486,0.015114155020918587,0.040101706502973004,10.341267412520704,134.72540164558404,0.0014017975190654,0.10552236557006836,2.399890396507114,10.42
Portugal,Europe,2023,37.62,,10.105947801506971,89.89405219849303,0.022885207582450467,0.01517845976035403,0.03709524903845894,10.030788885125707,143.0621469107249,0.0014208439970389,0.1071712875366211,2.9316040337792013,10.43
Romania,Europe,2000,93.21,7159.457596624989,5.026054023780986,94.97394597621901,0.0051576809162310255,0.013576538544191327,0.016321232443716017,4.990998571876848,145.83216707650848,0.0039220014587044,0.2227678108215332,3.023050938216826,22.05
Romania,Europe,2001,98.93,7927.194466757993,4.594592656157133,95.40540734384287,0.010691960529264697,0.00975177285917897,0.015101658765149338,4.5590472640035395,133.92424347334605,0.0039651477709412,0.2190854072570801,2.5005344430423477,21.92
Romania,Europe,2002,99.07,8737.672807879828,4.605283170623196,95.3947168293768,0.0062450952546049855,0.009426009882242207,0.016683628474490557,4.572928437011858,167.57329320524153,0.0040092449635267,0.2280266571044922,2.9496411040660018,21.77
Romania,Europe,2003,103.71,9471.085935465238,4.604430355302242,95.39556964469776,0.013454793041974883,0.005661320910259078,0.018828848342167488,4.566485393007841,147.38599608750087,0.0040522813796997,0.2267669677734375,3.341032137132806,21.59
Romania,Europe,2004,103.23,10679.282597544341,5.032044786949214,94.96795521305079,0.00652819979535662,0.013688567706883455,0.020663781382803975,4.9911642380641705,157.3141098683019,0.0040975324809551,0.22428043365478514,3.085274520612447,21.4
Romania,Europe,2005,101.34,11504.278460849855,5.424481211589168,94.57551878841083,0.009922722749646893,0.013266266426033839,0.01364301355265594,5.3876492088608305,142.35934659217318,0.0041400883346796,0.22384223937988282,2.9685398706882924,21.21
Romania,Europe,2006,104.29,13071.553866963128,6.1033656024993945,93.8966343975006,0.007145206059171265,0.006929375107295296,0.021363844110186166,6.067927177222742,150.1129368608069,0.0041819652542471,0.22982423782348632,2.6551841862245324,21.04
Romania,Europe,2007,108.5,14597.04260141747,6.292433245626526,93.70756675437347,0.018837962613675544,0.015200443442086289,0.020361522930245717,6.238033316640518,154.9488121791516,0.0042267688550055,0.23052688598632812,2.613395654909768,20.87
Romania,Europe,2008,107.0,16395.264779261484,6.461537402940252,93.53846259705975,0.01295144108859083,0.0134857224455142,0.029797902464333698,6.405302336941813,158.3269223648681,0.0042715463787317,0.2324400520324707,2.8623958254902564,20.72
Romania,Europe,2009,87.81,15889.365706250916,5.9111576935191295,94.08884230648087,0.012949987144993921,0.006877340506052288,0.02301956582901892,5.8683108000390645,149.98232251175992,0.004316390492022,0.2226910400390625,2.8625107439711597,20.58
Romania,Europe,2010,84.49,16419.34835134583,5.9523686971617025,94.0476313028383,0.006750896545807203,0.011408317482210304,0.02141371900246082,5.912795764131223,147.03976406887935,0.0043547488749027,0.22162635803222655,2.5333702230568655,20.43
Romania,Europe,2011,92.39,17260.954000266935,5.500653435876998,94.499346564123,0.013751198712423331,0.010832946030194432,0.012905544676703773,5.463163746457677,138.89103852822453,0.0043940320611,0.21044273376464845,2.7193031738564777,20.28
Romania,Europe,2012,89.85,17701.05844640543,5.60889639799332,94.39110360200668,0.007963573848058285,0.007468520840394912,0.021408673323729716,5.572055629981137,135.45201578479865,0.0044333911500871,0.21216068267822266,2.1606806961362284,20.16
Romania,Europe,2013,78.8,17833.36560548311,5.774760238767314,94.22523976123269,0.016146856644600645,0.016697120353113624,0.013579993840585967,5.728336267929014,140.12561848998692,0.0044673439115285,0.21068788528442384,2.4059956690988296,20.06
Romania,Europe,2014,79.34,18656.308659943403,6.31950726647699,93.68049273352301,0.008912270163814033,0.017062358339274032,0.019031952746728757,6.2745006852271725,146.06038674799765,0.0045015229843556,0.2169389915466309,3.0382395624510248,19.97
Romania,Europe,2015,78.05,19340.049096226474,6.765169442846698,93.2348305571533,0.009345238924766547,0.015817268389008217,0.0164293891722477,6.7235775463606755,133.78169129720948,0.0045335004106163,0.21934831619262696,2.8216442168387204,19.87
Romania,Europe,2016,76.59,19987.219858432873,6.838674489958564,93.16132551004144,0.007338577052217015,0.013161652209630436,0.027875948165151546,6.790298312531564,146.1608978630286,0.0045645777136087,0.2248331642150879,2.7210113361923978,19.78
Romania,Europe,2017,79.43,23160.291599720764,6.792991229960819,93.20700877003918,0.01320648446613406,0.012387230655528087,0.017789188861271236,6.749608325977886,151.36592150458455,0.0045993286184966,0.22370079040527344,2.616525451350267,19.69
Romania,Europe,2018,79.87,24141.529764248917,7.119776393837213,92.88022360616279,0.015162861527580083,0.016389347442708667,0.02260940613245829,7.065614778734466,127.7463125591863,0.0046408576890826,0.2264348793029785,2.2357199354891772,19.6
Romania,Europe,2019,76.69,23411.713170579023,7.657508119313675,92.34249188068632,0.008663836999177003,0.016010806056345306,0.035890926884268155,7.5969425493738845,126.96500680350032,0.004673867020756,0.2284857940673828,2.419459635073611,19.5
Romania,Europe,2020,73.95,24932.32957158055,7.541004199209681,92.45899580079032,0.019237518227409982,0.008480207705115938,0.01970426051395627,7.493582212763199,133.06864548395194,0.0047067580744624,0.2174502944946289,2.822453875236819,19.39
Romania,Europe,2021,77.5,26242.485801161554,7.392789562292549,92.60721043770745,0.01409492749475049,0.014970438027245734,0.026047867054126386,7.337676329716427,139.37329411042705,0.0047384612262248,0.21997817993164062,3.0084464131701303,19.25
Romania,Europe,2022,73.19,26334.19763949868,7.371428237839453,92.62857176216055,0.015102438715778571,0.019260121028171515,0.024014749363014117,7.313050928732488,129.40422248934308,0.0047675925306975,0.2197549247741699,2.421508039184898,19.17
Romania,Europe,2023,67.87,,7.591448214148201,92.4085517858518,0.014283503350362737,0.014564039711446333,0.015595659585385663,7.547005011501006,145.84694904315853,0.004793987609446,0.21966152191162108,2.4875034568951016,19.12
Russia,Europe,2000,1480.58,10544.444452125857,3.6825735463499427,96.31742645365006,0.0066342524390173565,0.004065241382470399,0.016123317265792456,3.6557507352626626,192.02518533962802,0.0755385383963584,3.0768951416015624,3.6527560567939488,146.72
Russia,Europe,2001,1518.08,11380.492528618619,3.6339098608143416,96.36609013918566,0.007701274897715018,0.009348438064984307,0.008020539521045146,3.6088396083305967,190.6031110263731,0.0762523859739303,3.14789306640625,3.302589285234215,146.12
Russia,Europe,2002,1508.33,12206.597298454533,4.42481765080926,95.57518234919074,0.005798637211429635,0.0062068136856671995,0.015145111265029739,4.397667088647133,174.7835228696712,0.0769456326961517,3.204132385253906,3.141060574256379,145.94
Russia,Europe,2003,1539.01,13415.31822813564,4.4545744054748155,95.54542559452518,0.006075399192955049,0.006758665909104388,0.01640189835797055,4.425338442014786,177.72631768732165,0.0776701718568801,3.3339654541015626,3.741203910128258,145.79
Russia,Europe,2004,1545.35,14767.277322763215,4.948007959850656,95.05199204014934,0.013476252184770105,0.006577944655492608,0.01922439324823047,4.908729369762163,194.00679172575786,0.0783812701702117,3.3531329345703127,3.8522432961818556,145.18
Russia,Europe,2005,1563.98,16122.276534976452,5.1203106150672255,94.87968938493277,0.014809120702751373,0.008501918018900509,0.020818644754382915,5.076180931591191,171.10632918194474,0.0791196450591087,3.422222900390625,3.2850935605865517,144.6
Russia,Europe,2006,1623.43,17877.139130616535,5.19401801291302,94.80598198708698,0.00907196863920358,0.013055179916604659,0.014334539992397229,5.157556324364814,206.09719728376655,0.0798913687467575,3.472550354003906,3.415979456206448,144.1
Russia,Europe,2007,1624.32,19871.84767421457,5.944120690266757,94.05587930973324,0.009162798717090975,0.012118705157685433,0.012066186538930634,5.910772999853051,193.9908703873642,0.0806897282600402,3.550770568847656,3.667272896439025,143.86
Russia,Europe,2008,1652.73,21403.623177165868,4.741856151364004,95.258143848636,0.010849362542531077,0.006684891211625707,0.01977510964423684,4.704546787965611,230.57599000190692,0.0814723894000053,3.5942977905273437,4.508013027266769,143.81
Russia,Europe,2009,1545.24,20182.85857077691,4.6383590351427415,95.36164096485726,0.008430070706111611,0.012781741183775897,0.016730420952238513,4.600416802300615,215.29303582492193,0.0822944268584251,3.5249600219726562,3.83199847346909,143.87
Russia,Europe,2010,1633.15,21574.049013312087,5.305262586682275,94.69473741331772,0.005574625152476351,0.01463808800068016,0.02391799708002894,5.261131876449089,194.713027753804,0.083207830786705,3.675373840332031,4.020742671056879,143.93
Russia,Europe,2011,1684.99,22956.677889830848,5.537728665990997,94.462271334009,0.0072671900953984025,0.01517978286673213,0.024721334981421768,5.4905603580474445,198.08851643886672,0.0840323865413665,3.746770935058594,4.0572398498773286,144.04
Russia,Europe,2012,1700.1,23839.54979648249,5.685969134471037,94.31403086552896,0.013827961123200509,0.008401544909159144,0.025757317949943015,5.637982310488734,209.66676731047082,0.0849681794643402,3.8391769409179686,4.353788126610575,144.29
Russia,Europe,2013,1637.55,24205.514703687008,5.738062518333322,94.26193748166668,0.013299956065347488,0.010916541653617797,0.019826635495483386,5.694019385118874,213.03604842338092,0.0858301967382431,3.8532086181640626,4.000149712733501,144.6
Russia,Europe,2014,1637.31,24329.63291758196,5.076859481211088,94.92314051878891,0.005351984574099357,0.01507816763055839,0.015235072416239087,5.041194256590191,179.93898203354206,0.0866423696279525,3.891424255371094,3.5552412224784766,144.93
Russia,Europe,2015,1635.24,23786.983160090746,4.559692264395537,95.44030773560446,0.006583941763749182,0.011599970896890546,0.01994716996831519,4.521561181766582,178.51782655690937,0.0875732228159904,3.9475677490234373,3.7805414114098768,145.31
Russia,Europe,2016,1629.33,23756.04048103938,4.5343465399928675,95.46565346000713,0.006629892948770221,0.004780719544862159,0.01520766477978579,4.507728262719449,189.5659930718369,0.0885033756494522,4.036746826171875,3.667274070270083,145.78
Russia,Europe,2017,1661.01,24122.245584714154,4.834891378063006,95.165108621937,0.011331948244080185,0.005465405610253956,0.01233055203741773,4.805763472171254,202.85753401835072,0.0894341394305229,4.165065307617187,3.5953503119565475,146.19
Russia,Europe,2018,1709.91,24758.203565548585,5.194844505617667,94.80515549438233,0.005399630863129723,0.010014947233252039,0.02371406027512966,5.155715867246156,204.2313097024373,0.0903433114290237,4.335947570800781,3.633138104280638,146.43
Russia,Europe,2019,1704.46,25284.63889067821,5.951263793223831,94.04873620677617,0.007190419062281169,0.016773282375646674,0.02765956750640973,5.8996405242794925,208.9919403316657,0.0912395343184471,4.504866027832032,3.915437531438773,146.53
Russia,Europe,2020,1631.9,24640.87359939666,5.9826530769482815,94.01734692305172,0.01555389393586495,0.012428385015107036,0.020334614646045537,5.934336183351265,182.40933847305004,0.0920763090252876,4.4138577270507815,3.0313809889849352,146.37
Russia,Europe,2021,1674.52,26122.267209105023,6.030821996948035,93.96917800305197,0.008184364147657892,0.012035259244566169,0.013431238735764572,5.9971711348200465,173.87173763505749,0.0929505079984664,4.625638732910156,3.238970127551662,145.84
Russia,Europe,2022,1675.46,25631.56803601492,6.164667632031922,93.83533236796808,0.01421259323805046,0.007465088240338496,0.01950179209416907,6.123488158459364,205.71941462229825,0.093875341117382,4.642155456542969,4.120474769425848,145.58
Russia,Europe,2023,1733.13,,6.255379779979194,93.7446202200208,0.009235227284977002,0.014472197753949124,0.027590059242320913,6.204082295697947,192.04533745027052,0.0948307663202285,4.672307434082032,2.915349243854744,145.44
Saudi Arabia,Middle East,2000,309.64,30181.75799136999,5.0552722564067665,94.94472774359323,0.006060678884316299,0.013367182855780037,0.023786684196987273,5.012057710469683,238.88958641231633,0.0025670258328318,0.7233777618408204,4.782578013135415,16.18
Saudi Arabia,Middle East,2001,324.37,29749.78303655127,5.026009256503855,94.97399074349615,0.0074703806222790135,0.008849998214688404,0.013119986174725137,4.996568891492162,259.7053580084923,0.0027096583507955,0.7161436462402344,4.991997993746824,17.04
Saudi Arabia,Middle East,2002,346.93,28940.297700580133,5.019219992671708,94.98078000732829,0.012269653241502863,0.012805153010106733,0.01104690586271946,4.983098280557379,268.87467861754163,0.0028628846630454,0.6930728149414063,4.664065473131522,17.91
Saudi Arabia,Middle East,2003,351.23,32322.989124687792,5.430118583291005,94.569881416709,0.014723185169531847,0.015904563786285252,0.02515258816542824,5.374338246169759,253.99916132680286,0.0030184308998286,0.7916539764404297,4.727003829590388,18.79
Saudi Arabia,Middle East,2004,407.7,35122.758568322526,4.512038732630145,95.48796126736985,0.012004007103680586,0.006350843044620206,0.014295107967310781,4.479388774514534,267.63311317941475,0.0031996702309697,0.8024384307861329,4.783074128942533,19.67
Saudi Arabia,Middle East,2005,412.23,37402.16581482991,4.54291099775044,95.45708900224956,0.008151649847408472,0.009297790871756983,0.01646933752366987,4.508992219507604,265.1754454867859,0.0033831913024187,0.8550426483154296,5.111804238320179,20.56
Saudi Arabia,Middle East,2006,444.98,38851.667099955215,4.530728048442029,95.46927195155797,0.010584552182457728,0.0071326160493743445,0.022219584879072603,4.490791295331124,268.5577887897776,0.003581766737625,0.8766136932373046,5.091729563467424,21.46
Saudi Arabia,Middle East,2007,423.31,40057.79363159841,5.183238810343937,94.81676118965606,0.007308203921364517,0.013402346401721717,0.011401540264062827,5.151126719756788,243.77070394560445,0.0037708648014813,0.8734255981445312,3.9803100461747682,22.37
Saudi Arabia,Middle East,2008,469.43,43165.94582886964,5.5589543582461545,94.44104564175385,0.008818144063735009,0.011980584675364406,0.021929819355658176,5.516225810151397,259.66770271713153,0.0039808838628232,0.9053304290771484,4.830861967513358,23.29
Saudi Arabia,Middle East,2009,503.97,42963.159896275676,5.406123308378923,94.59387669162108,0.015097527229662774,0.01226738490559121,0.012014115773535623,5.366744280470134,277.36798768370846,0.0042065065354108,0.859478759765625,4.8761994468463605,24.22
Saudi Arabia,Middle East,2010,555.64,45984.653018543366,4.959490508258256,95.04050949174174,0.005088456340739446,0.012873985910298034,0.015505384777143031,4.926022681230076,285.9433305804006,0.0044555822387337,0.8738907623291016,5.099943060441839,25.16
Saudi Arabia,Middle East,2011,540.24,51634.452677575064,5.045216396523415,94.95478360347659,0.005908034480342597,0.009040729838954903,0.0222566877625688,5.008010944441548,273.19821217389483,0.0046978699974715,0.9521183776855467,4.652719824491372,26.11
Saudi Arabia,Middle East,2012,605.71,52512.21894749577,4.72669597056445,95.27330402943555,0.0066919262196333705,0.013377401048650685,0.015600066308881796,4.691026576987284,275.3233260075537,0.0049696550704538,0.9969867706298828,5.42961433685711,27.06
Saudi Arabia,Middle East,2013,583.18,52150.59832485485,5.409572718668727,94.59042728133127,0.005696628491152671,0.011176489555703953,0.02700213680897125,5.365697463812898,270.3200940171849,0.0052309576421976,0.994606704711914,5.137140050245731,28.03
Saudi Arabia,Middle East,2014,585.11,52433.876208039226,5.648540438701787,94.35145956129821,0.007698231222938133,0.007432968847248667,0.020770687813361336,5.612638550818239,245.13034750687567,0.0054933754727244,1.0129602813720704,4.20015421091812,29.0
Saudi Arabia,Middle East,2015,624.55,53104.25360270898,5.325801837507981,94.67419816249202,0.011536129471019797,0.012738243442035163,0.015782941622955703,5.285744522971971,274.2092142801757,0.0057736672461032,1.0479035949707032,4.486964246409741,29.97
Saudi Arabia,Middle East,2016,641.17,53044.56717068707,5.040724378216794,94.9592756217832,0.009289294389718115,0.01303794803311936,0.01341001033566272,5.004987125458294,287.24038783435134,0.0060617276467382,1.0773957061767578,4.980144416056268,30.72
Saudi Arabia,Middle East,2017,644.49,52896.34962793675,4.34173225814348,95.65826774185652,0.012093215385973558,0.007092321041078897,0.013249063448842711,4.309297658267585,259.28010488478293,0.0063514802604913,1.059726486206055,4.778832471983919,30.78
Saudi Arabia,Middle East,2018,652.2,55104.47643801429,4.459649507412081,95.54035049258792,0.01175067306230011,0.012105087609888763,0.013903402507273333,4.421890344232618,272.40283764526777,0.0066446792334318,1.0910459136962891,4.930507155508152,30.37
Saudi Arabia,Middle East,2019,708.33,55366.739364953195,3.90113979384013,96.09886020615987,0.0065680943397073924,0.010971122814013223,0.008606464575330413,3.874994112111079,296.1286520457792,0.0069632763043046,1.0672479248046876,5.61399828016294,30.47
Saudi Arabia,Middle East,2020,653.56,52077.123711642584,4.576097370276713,95.42390262972329,0.0069503911533029,0.007110381163291538,0.014225817306910362,4.547810780653208,287.5772652449285,0.0072571565397083,1.0654682159423827,5.3382121605731125,30.99
Saudi Arabia,Middle East,2021,695.39,53536.98676468175,4.654102687968759,95.34589731203124,0.008188357602873975,0.013808922547646575,0.015790046603668412,4.61631536121457,279.37010950400634,0.0075699044391512,1.0654823303222656,5.260792459789973,31.33
Saudi Arabia,Middle East,2022,666.99,56685.821153466204,4.952377880790664,95.04762211920934,0.010799105113696524,0.006346091198952516,0.020642567134980784,4.914590117343034,264.9552245296616,0.007869972847402,1.170303192138672,4.8373402126577165,32.18
Saudi Arabia,Middle East,2023,677.44,,5.034407195287045,94.96559280471295,0.007733490239594106,0.007068465464419481,0.019987545320292944,4.999617694262739,249.2067657688283,0.0081748152151703,1.1316769409179688,4.070518633237955,33.26
Singapore,Asia,2000,37.37,37706.09919928153,7.656197141159282e-06,99.99999234380286,1.721341130902374e-08,1.047712051616869e-08,3.1591743032270576e-08,7.5969148663018194e-06,185.11892411831866,0.0005272146663628,0.019271315336227418,3.4031932265490283,4.04
Singapore,Asia,2001,38.53,37061.34859793172,0.0,100.0,0.0,0.0,0.0,0.0,205.29663778180853,0.0005446422146633,0.022140283584594727,4.1027731264815355,4.12
Singapore,Asia,2002,40.21,38096.666437901295,4.743657044059546e-06,99.99999525634296,9.981102040262966e-09,1.0951135993483556e-08,1.2584932567966092e-08,4.710139873457833e-06,190.34172657667423,0.0005628312937915,0.024452269077301025,3.5300107466693937,4.15
Singapore,Asia,2003,39.53,38733.311715049946,1.036529369002892e-07,99.99999989634706,1.9406452811029947e-10,1.3518504824249315e-10,4.1306243318084766e-10,1.0291062489075557e-07,186.20396793774054,0.000580676831305,0.027159285545349122,3.630190597590973,4.14
Singapore,Asia,2004,41.0,42054.38219914987,4.4521762276872323e-07,99.99999955478238,7.074203136688014e-10,8.372971139194318e-10,1.5368770333764164e-09,4.421360283077586e-07,191.8257421850895,0.000599195365794,0.030243628025054932,3.473587380387592,4.17
Singapore,Asia,2005,39.6,44675.56173690007,0.0,100.0,0.0,0.0,0.0,0.0,184.1095694624671,0.0006170925917103,0.03127487421035766,3.1368095568369205,4.27
Singapore,Asia,2006,40.6,48008.970547511904,0.0,100.0,0.0,0.0,0.0,0.0,175.56971589653932,0.000635402102489,0.031951465606689454,3.272112235130796,4.41
Singapore,Asia,2007,41.1,51760.98035077002,0.0,100.0,0.0,0.0,0.0,0.0,189.76523934232392,0.0006539680762216,0.03311228513717651,3.628958062386979,4.6
Singapore,Asia,2008,40.2,52532.09110932103,2.742999768656773e-06,99.99999725700023,7.507414682604354e-09,7.151568392272565e-09,9.998940448968396e-09,2.718341845132928e-06,179.16363415488178,0.0006721293902955,0.03199897527694702,3.169911830639675,4.81
Singapore,Asia,2009,40.8,51546.87687694699,2.8761432702140155e-07,99.99999971238567,5.6799871912894e-10,5.782237393991983e-10,6.325760681870431e-10,2.8583552849468635e-07,175.86902627117868,0.0006905776681378,0.03159518480300903,3.2431910468818583,4.97
Singapore,Asia,2010,44.4,58614.46127334539,2.256988864246523e-06,99.99999774301114,6.294977693420309e-09,6.62257686615928e-09,9.704025521710292e-09,2.2343672841652333e-06,170.20864108324753,0.0007106534321792,0.03662726879119873,2.9414992847361656,5.08
Singapore,Asia,2011,47.0,61694.943505339965,2.853413860748333e-07,99.99999971465861,7.41805000857328e-10,5.237503798235066e-10,1.07035570473161e-09,2.8300547498942086e-07,195.59054478931668,0.0007319240830838,0.03714557409286499,3.965222191898296,5.18
Singapore,Asia,2012,46.1,63079.058899051546,0.0,100.0,0.0,0.0,0.0,0.0,186.31942125215923,0.0007527793059125,0.0375056505203247,3.3927740127581374,5.29
Singapore,Asia,2013,47.0,64985.51163744579,1.5218207067846379e-06,99.9999984781793,1.590209224122004e-09,3.5547296760944986e-09,6.475713831442467e-09,1.5102000540529789e-06,174.28673889519857,0.0007740504224784,0.043517565727233885,3.724414485861032,5.39
Singapore,Asia,2014,47.6,66648.18743787674,0.0,100.0,0.0,0.0,0.0,0.0,189.7886876847686,0.0007956056506372,0.045303235054016115,3.99524335811857,5.46
Singapore,Asia,2015,49.4,67794.42240364083,3.861029512108871e-06,99.99999613897049,8.043560887255908e-09,5.142543008940798e-09,1.3722192319913866e-08,3.834121215892761e-06,176.5492595356251,0.0008179052965715,0.04717662334442139,3.3004743631534788,5.53
Singapore,Asia,2016,49.1,69573.9086970521,0.0,100.0,0.0,0.0,0.0,0.0,172.60027604901072,0.0008400703663937,0.044819517135620116,2.9590697970199664,5.58
Singapore,Asia,2017,50.1,72396.44004331125,0.0,100.0,0.0,0.0,0.0,0.0,173.9222025288104,0.000862690154463,0.0493727970123291,2.656985877140966,5.6
Singapore,Asia,2018,50.3,74581.94819434875,0.0,100.0,0.0,0.0,0.0,0.0,163.70817585827925,0.0008853896288201,0.049279794692993165,2.6777196918244304,5.63
Singapore,Asia,2019,49.0,75105.67199900099,7.298527862076298e-07,99.99999927014721,1.948605105441559e-09,7.48256053370582e-10,3.084912242661501e-09,7.240710128061562e-07,183.85656701912794,0.0009075044654309,0.05069756507873535,3.029554624836449,5.67
Singapore,Asia,2020,46.7,72810.31613652373,3.828992106491569e-06,99.9999961710079,1.1367528465545545e-08,8.115592294921887e-09,9.609403306616475e-09,3.799899582424485e-06,158.16363055088377,0.0009285958949476,0.048504576683044434,3.4441589770525916,5.62
Singapore,Asia,2021,50.1,80333.32419954165,0.0,100.0,0.0,0.0,0.0,0.0,169.98007279574082,0.0009512158576399,0.05113368511199951,3.2544285408999367,5.55
Singapore,Asia,2022,48.93,81736.33149418182,2.923355694406382e-06,99.9999970766443,3.9271149301989005e-09,7.129208710895857e-09,1.3655662586363047e-08,2.8986437081789245e-06,158.53240950168245,0.0009733075858093,0.05329535484313965,3.153399909254516,5.65
Singapore,Asia,2023,51.07,,0.0,100.0,0.0,0.0,0.0,0.0,179.71011911213014,0.0009963602060452,0.057827186584472653,2.7092356031135445,5.79
South Korea,Asia,2000,439.98,23227.266824528415,6.742207289069015,93.25779271093099,0.006990194796007497,0.007812958596629635,0.031854808788104386,6.695549326888273,178.36702187559638,0.0032583572901785,0.2984374237060547,2.994482421244364,46.77
South Korea,Asia,2001,455.63,23969.666274277788,6.750933767712951,93.24906623228705,0.019095675141690797,0.016627502482917476,0.028867978180605967,6.686342611907737,178.81478902291133,0.00346050853841,0.2954871940612793,3.627160557300467,47.04
South Korea,Asia,2002,476.06,25435.285843258218,6.772988624007624,93.22701137599238,0.008368042113766634,0.009311666554759778,0.025679555530729564,6.729629359808368,174.67570672684207,0.0036717406474053,0.2765151786804199,3.3808435413442486,47.3
South Korea,Asia,2003,485.21,25883.452547364934,6.826001341052432,93.17399865894757,0.014696605811050664,0.018541836772474878,0.027047335502640553,6.765715562966266,174.51256299191274,0.0038872037548571,0.27803844451904297,3.248039424264925,47.51
South Korea,Asia,2004,491.39,26862.104656562176,6.463639672686043,93.53636032731396,0.01000642806656715,0.017051902517977714,0.03016828691518697,6.40641305518631,191.89116000522705,0.0041056298650801,0.2819890213012695,3.7397112676636692,47.7
South Korea,Asia,2005,498.69,27634.464259432163,5.8264576907020285,94.17354230929797,0.012284247060254093,0.012128281556340334,0.021770094580173188,5.7802750675052605,183.2057052774238,0.004327333997935,0.28379947662353516,3.9220306262795255,47.85
South Korea,Asia,2006,503.48,28772.790189782147,5.76005912968823,94.23994087031177,0.013264499040070645,0.01394214016269928,0.022447952523076537,5.710404537962383,192.45717012791945,0.0045509110204875,0.28957365036010746,3.513001982985596,48.01
South Korea,Asia,2007,521.71,30028.599061893696,6.258920553376143,93.74107944662386,0.016645496611812936,0.010193905322099904,0.0154559671085115,6.216625184333719,182.77035869068575,0.0047827078960835,0.2926503372192383,3.445136679848393,48.18
South Korea,Asia,2008,532.65,30552.782575760004,6.119745443711722,93.88025455628828,0.008646236718395983,0.011886600649146355,0.0209403225698749,6.078272283774305,195.03550520604222,0.0050197215750813,0.2630127716064453,3.678347158916067,48.36
South Korea,Asia,2009,537.82,30437.51431354022,5.67956844582848,94.32043155417152,0.0058044715687973645,0.015012654442158074,0.023565616186936575,5.6351857036305875,207.116353399701,0.005259349476546,0.2696496772766113,4.531494544977414,48.55
South Korea,Asia,2010,594.34,32045.1984262691,5.31533551414654,94.68466448585346,0.006770521615908654,0.010197632740039132,0.014951125068272087,5.28341623472232,209.1033089651692,0.0055241594091057,0.27436004638671874,3.2158460641169992,48.77
South Korea,Asia,2011,623.44,32755.89515392964,5.340039348035788,94.65996065196421,0.014952309270905007,0.009161352979029404,0.013920214542988826,5.302005471242865,203.12595558354718,0.0058039207942783,0.27545116424560545,3.954982193773397,49.13
South Korea,Asia,2012,627.94,33223.85632158579,5.345966585664627,94.65403341433537,0.014689540894050777,0.010630053044103917,0.015725056062689775,5.304921935663782,209.5772064862971,0.006083492655307,0.2826441383361816,3.818794629153034,49.6
South Korea,Asia,2013,634.58,33952.57552272398,5.33013344272419,94.66986655727581,0.011698716552723318,0.014159491521378045,0.014521958606558867,5.28975327604353,204.7178370815732,0.0063656782731413,0.28333000183105467,3.9455169111604254,50.07
South Korea,Asia,2014,629.37,34715.342229885384,5.5744559008644785,94.42554409913552,0.012269565413290457,0.009311660856232121,0.014742974854822608,5.538131699740133,205.24380988016196,0.0066468282602727,0.2867888069152832,3.5866891918841746,50.54
South Korea,Asia,2015,634.18,35379.08124867397,5.610910679619309,94.38908932038069,0.0130738334387195,0.007560832236885329,0.01837322175372006,5.571902792189984,201.76534617651873,0.0069303079508244,0.29312992095947266,3.7135560295667642,50.98
South Korea,Asia,2016,637.91,36198.813421466744,5.72601722380071,94.27398277619929,0.007734375147716362,0.013880026311803987,0.027046931348381688,5.677355890992808,203.25980480419537,0.0072143115103244,0.29334493637084963,3.965580050706774,51.3
South Korea,Asia,2017,654.54,37206.02859762529,5.59090857379924,94.40909142620076,0.015815695750711848,0.014826845916201214,0.019686589526735822,5.5405794426055905,209.3510188665266,0.007505752146244,0.2982436561584473,4.783489362177577,51.49
South Korea,Asia,2018,670.17,38172.96259092649,5.224878880266786,94.77512111973321,0.009600929422640445,0.006276516152468609,0.013395341447214593,5.1956060932444625,199.70635700690067,0.0078049264848232,0.2999505805969238,3.9377125689310315,51.64
South Korea,Asia,2019,646.1,38933.85313834975,5.434491866840858,94.56550813315914,0.0095988182981314,0.008041679696516556,0.012123889467364288,5.404727479378846,195.33972571953768,0.0080924127250909,0.3013478469848633,3.3710159321034503,51.77
South Korea,Asia,2020,597.63,38590.24798782672,5.529878038816776,94.47012196118322,0.011268981283610294,0.007100053615429656,0.02260873181339022,5.488900272104345,183.88532077331024,0.0083578433841466,0.3296339797973633,3.315037227766153,51.86
South Korea,Asia,2021,616.08,40197.62700980885,5.5013917986861856,94.49860820131381,0.006018148167553498,0.009329715854889039,0.01732056154702502,5.468723373116718,184.65407499111163,0.0086309816688299,0.3649544143676758,3.31844096734263,51.85
South Korea,Asia,2022,606.88,41279.54475944245,5.536135846076618,94.46386415392338,0.0073772704828304345,0.010522544241344517,0.024721574980572095,5.493514456371871,187.15613030669564,0.0089013837277889,0.37113006591796877,2.9558051331181256,51.78
South Korea,Asia,2023,589.18,,5.581142327335272,94.41885767266473,0.013819283638602351,0.01393975505743394,0.022204755053253807,5.531178533585981,198.21265798351683,0.0091637736186385,0.36455276489257815,3.572375470225838,51.75
Spain,Europe,2000,309.26,26694.412204412056,6.872192814631731,93.12780718536827,0.008010209636183997,0.01582181632280902,0.030160159954630478,6.818200628718108,155.88860628063165,0.0046107205562293,0.4572796249389648,3.2140664250366298,41.02
Spain,Europe,2001,311.03,27832.279746989752,6.881886430492216,93.11811356950778,0.015183535065811202,0.015428206196161788,0.019378278136484208,6.831896411093759,169.95828747545625,0.0047442889772355,0.46677818298339835,2.8370629638842613,41.25
Spain,Europe,2002,331.03,28530.79697640344,6.682753791509128,93.31724620849087,0.009961969177441602,0.011392423812486119,0.02724610022550369,6.634153298293697,168.4228247131074,0.0048894439823925,0.47205581665039065,3.509309990724895,41.76
Spain,Europe,2003,335.54,29163.793700263537,6.732483918282767,93.26751608171723,0.01197433684027401,0.018062548156725828,0.01879834703270641,6.683648686253061,148.07951775858118,0.0050377477891743,0.47092208862304685,3.0156047304626004,42.51
Spain,Europe,2004,352.14,29833.34758402317,6.631621081732234,93.36837891826777,0.010460636023597494,0.01288241691146731,0.03194588114000283,6.576332147657166,176.40331060036627,0.0051913480274379,0.47018650054931643,3.102182973014549,43.23
Spain,Europe,2005,367.45,30684.12205765101,6.514809261338371,93.48519073866163,0.011149089075800825,0.01927217309734489,0.02546718971171028,6.458920809453515,179.7671870204792,0.0053501860238611,0.46895015716552735,3.333816101126313,43.96
Spain,Europe,2006,358.87,31675.22934068048,6.762002171022672,93.23799782897733,0.016486382114864334,0.015338143202808139,0.02010705283396976,6.71007059287103,158.88551327508725,0.0055038882419466,0.4674788665771485,3.521664754693706,44.7
Spain,Europe,2007,366.47,32540.79676686923,6.610844122966839,93.38915587703316,0.01053929481803342,0.008280277172386077,0.018566790978647833,6.573457759997771,173.32390755001006,0.0056615998037159,0.4769122314453125,3.4932468648519204,45.52
Spain,Europe,2008,335.28,32672.509860775554,6.215659875151559,93.78434012484844,0.013256817066737708,0.014621439357291714,0.015991523892091693,6.171790094835437,154.4763828532282,0.0058052404783666,0.46432376861572267,2.9742572221210954,46.24
Spain,Europe,2009,296.16,31494.8018035611,5.646010700754871,94.35398929924513,0.011021582030584426,0.00931709220072637,0.02305787226279958,5.6026141542607615,157.26434238095172,0.0059310686774551,0.49206424713134767,2.9449244830069325,46.64
Spain,Europe,2010,282.59,31604.645367278452,5.886435840370609,94.11356415962939,0.013699751308393052,0.013966477857958874,0.0156352379503401,5.843134373253918,140.90927591904256,0.0060491734184324,0.47535709381103525,2.7775311358401793,46.84
Spain,Europe,2011,283.28,31430.833039782083,5.49063325086864,94.50936674913136,0.015778210285146872,0.006255381258326989,0.020787042220493785,5.447812617104673,135.89546879095153,0.006178374402225,0.4679085159301758,2.5207984332725335,47.0
Spain,Europe,2012,277.43,30487.660000527878,5.42712671807854,94.57287328192146,0.013378649921455698,0.007325334158465786,0.015162876911655203,5.391259857086963,149.03422066251295,0.0062962346710264,0.4521066284179687,2.2531226788845027,47.02
Spain,Europe,2013,252.11,30161.121855334804,5.693391435270286,94.30660856472971,0.00814087085639502,0.015437485796662034,0.02269332783265353,5.647119750784575,147.2480402662327,0.0064038783311843,0.43304832458496095,3.468622017420143,46.86
Spain,Europe,2014,253.66,30673.880003883547,6.2605271262990385,93.73947287370096,0.006650972852167478,0.009105054684871666,0.027826911083078536,6.216944187678921,144.449168569846,0.0065115229226648,0.44210334777832033,2.8577841968773563,46.72
Spain,Europe,2015,270.25,31876.209577252077,5.9330997267569785,94.06690027324302,0.009045177185903922,0.01586559666968346,0.025714503526048677,5.8824744493753425,139.7245625977946,0.0066252402029931,0.4550685501098633,2.855037181101475,46.68
Spain,Europe,2016,259.55,32810.03877292267,6.210357553031784,93.78964244696822,0.013601650996165487,0.009679166283659824,0.026596191535404365,6.160480544216554,145.4648751306968,0.0067349574528634,0.4515729522705078,2.810065677128076,46.73
Spain,Europe,2017,273.48,33688.47575946059,5.978541416918276,94.02145858308172,0.006593444128546886,0.013665533667865304,0.015324001365780543,5.942958437756083,154.59107600115945,0.0068492074497044,0.45153083801269533,2.752922175801175,46.87
Spain,Europe,2018,268.52,34294.008658454215,6.213957783050418,93.78604221694958,0.01238275559312972,0.014840802500791068,0.014075576553757683,6.17265864840274,150.19545446720733,0.0069630844518542,0.4605055236816406,2.847349927190686,47.09
Spain,Europe,2019,250.67,34722.008361188746,6.359712610331968,93.64028738966803,0.013951210595618364,0.012880386406978398,0.02605476625618788,6.306826247073183,149.01370277265818,0.0070679537020623,0.45546913146972656,2.404400815704238,47.44
Spain,Europe,2020,211.76,30631.791174304286,6.858644149023803,93.1413558509762,0.011443563961221202,0.011046678721744871,0.02129637568614715,6.814857530654689,133.34331619064292,0.007156019564718,0.4602154541015625,3.316619008466279,47.68
Spain,Europe,2021,228.81,32284.494012821022,6.546325641241609,93.45367435875839,0.016639610294296305,0.009330404308249484,0.021583488845878063,6.498772137793185,154.82556617445152,0.0072578634135425,0.45944427490234374,2.606855459264506,47.74
Spain,Europe,2022,234.22,33978.56428851686,6.075229205810089,93.92477079418991,0.007370446847263344,0.006478495078129366,0.012718172046438873,6.048662091838258,132.55539802810492,0.0073597715236246,0.44985668182373045,2.311296483295525,47.83
Spain,Europe,2023,215.46,,6.270068873935614,93.72993112606439,0.007212307006972139,0.010081598613464028,0.017422824392889866,6.235352143922288,145.835942525039,0.0074528339318931,0.4466740798950195,2.701297319084704,47.91
Sweden,Europe,2000,54.89,34202.995584246746,4.192455202887686,95.80754479711231,0.010298252682147905,0.009669166681878722,0.008808470849689505,4.16367931267397,167.96159364839298,0.0028730570338666,0.10952902793884275,3.57380821583,8.87
Sweden,Europe,2001,55.78,34666.98208389417,4.164148088110792,95.83585191188921,0.008290746522221875,0.011978628519725578,0.01931147543843667,4.1245672376304094,161.6416075192562,0.0028977917972952,0.10946250915527343,3.0906184200868956,8.9
Sweden,Europe,2002,56.63,35569.99107701978,4.112265857750899,95.8877341422491,0.009774053200198253,0.011277514752810693,0.011227267326369918,4.07998702247152,155.44887631756504,0.0029227202758193,0.11161287307739258,2.616341282271902,8.93
Sweden,Europe,2003,57.22,36435.20810690797,3.9625038499640652,96.03749615003593,0.007408513856538009,0.010033573102650059,0.014550359740411488,3.9305114032644655,152.64612847366263,0.0029488005675375,0.11216656684875488,3.3186395638058044,8.96
Sweden,Europe,2004,56.43,38015.19433087553,4.131245116915821,95.86875488308418,0.0061671395101502,0.010645783590436705,0.008745589618257615,4.105686604196976,167.24822889715452,0.0029762699268758,0.11537795066833496,3.395271850390117,8.99
Sweden,Europe,2005,53.79,39258.684347919785,4.513550779730451,95.48644922026955,0.011907670588965259,0.010516437038916566,0.018056650248427515,4.473070021854142,139.81287157989775,0.0030036827083677,0.09793374061584473,2.8985364324433,9.03
Sweden,Europe,2006,53.65,40992.17261856779,5.455441375567432,94.54455862443257,0.014177774300393383,0.00829540076013143,0.016197652993534695,5.416770547513372,143.20060150033947,0.0030302705708891,0.09902238845825195,3.005929896356684,9.08
Sweden,Europe,2007,52.88,42399.42861532441,5.5508338166739435,94.44916618332606,0.013263123142159536,0.015622211526194895,0.026054268196162838,5.495894213809426,147.82527903441942,0.0030566714704036,0.09603366851806641,3.583513034725446,9.15
Sweden,Europe,2008,50.77,42189.22003365979,5.829929954902582,94.17007004509742,0.00900310413013865,0.013650574748704347,0.02719286040928626,5.7800834156144525,161.76116233678385,0.0030822698026895,0.09333672523498535,3.743707065899376,9.22
Sweden,Europe,2009,47.14,40115.8039337166,5.676873138654997,94.323126861345,0.01237820237537409,0.012039973866302433,0.016893646998212837,5.635561315415107,149.81506533117442,0.003106391755864,0.09263385772705078,2.6910264423978023,9.3
Sweden,Europe,2010,53.03,42634.78224855554,5.3745177998183635,94.62548220018164,0.009254639068566311,0.006567547555578856,0.025275726712122873,5.333419886482095,141.25538273436902,0.0031335537787526,0.08888131141662597,3.24725162159325,9.38
Sweden,Europe,2011,49.11,42079.25522117439,5.902622975903455,94.09737702409655,0.006983771876300786,0.011180223624657095,0.02944507546545618,5.855013904937041,143.7558601794419,0.0031579155474901,0.08886528968811035,2.9150442197987405,9.45
Sweden,Europe,2012,46.61,41523.15966160746,6.405854531977852,93.59414546802215,0.01815820918121708,0.012303830767802549,0.028674187082337405,6.346718304946495,137.89971417539812,0.0031816086266189,0.08813737869262696,2.8561241716476946,9.52
Sweden,Europe,2013,45.11,41661.24157064856,6.125492494780005,93.87450750522,0.007801655488460353,0.016717248297562055,0.027776744288747976,6.073196846705234,135.5875238821336,0.0032040551304817,0.08523432731628418,2.161719132621139,9.6
Sweden,Europe,2014,43.38,42345.88268124851,6.340520454889358,93.65947954511064,0.018390519212690824,0.013272588898348425,0.01741757586401621,6.291439770914303,150.51085940964458,0.003225598949939,0.08219504356384277,2.857058020937855,9.7
Sweden,Europe,2015,43.31,43781.638545115085,6.7981035727855925,93.20189642721441,0.01286209045004255,0.011970108234876277,0.02535765505989799,6.747913719040776,126.2011720307771,0.0032474675681442,0.08034964561462403,2.2753716753914643,9.8
Sweden,Europe,2016,43.31,44130.67189360051,6.427738878718827,93.57226112128117,0.00880771112757299,0.018984973775345405,0.014152388116533113,6.385793805699376,155.86017967971048,0.0032696325797587,0.08028494834899902,3.2421805193433606,9.92
Sweden,Europe,2017,42.36,44658.24269864854,6.886313722505719,93.11368627749428,0.014349713582846592,0.008411227204879685,0.015733531517552423,6.84781925020044,146.46264564307995,0.0032917973585426,0.08096283912658692,3.164726480410121,10.06
Sweden,Europe,2018,41.86,45003.18293885253,7.134694583177634,92.86530541682237,0.019591098436447397,0.013164202548392541,0.0356497702911055,7.0662895119016875,148.1084652570242,0.0033133884426206,0.0803946590423584,2.2473895388074943,10.18
Sweden,Europe,2019,40.77,45433.91510031987,5.942525110024917,94.05747488997508,0.014645054657372836,0.00644199048491835,0.017708236044949338,5.903729828837676,132.34885789353413,0.0033347455319017,0.07937729835510254,2.610971267095265,10.28
Sweden,Europe,2020,36.62,44127.810224806984,6.152582746155204,93.8474172538448,0.016077451150258187,0.015257225400634707,0.02611495577697831,6.095133113827332,131.87548935032186,0.003353631356731,0.07964330196380615,2.9465662810434257,10.35
Sweden,Europe,2021,38.57,46225.63623490251,4.649376380142911,95.35062361985709,0.010775240029774582,0.013186343254058455,0.02055022109297465,4.604864575766104,121.57070774038465,0.0033741351217031,0.07942109107971192,2.389127635152121,10.42
Sweden,Europe,2022,36.34,47124.891229087276,8.288212964414996,91.711787035585,0.019763684158410073,0.012930231015016039,0.037910864724425626,8.217608184517145,125.84550567681855,0.0033935317769646,0.07940240383148194,2.7322471843298066,10.49
Sweden,Europe,2023,36.71,,7.802562156692687,92.19743784330731,0.021054365865755785,0.021197090726502617,0.03895729471265284,7.721353405387776,136.52646133652658,0.0034131144639104,0.07922940254211426,2.7897730216725507,10.55
Switzerland,Europe,2000,43.62,43923.33450890819,4.533233313846125,95.46676668615387,0.006796839984170307,0.007182620148332204,0.012350746364121798,4.5069031073495,167.9092049469617,0.0010969653958454,0.05822793483734131,3.289045348737175,7.18
Switzerland,Europe,2001,45.08,45046.02186374914,4.463139475109685,95.53686052489032,0.00883188322578933,0.012592927997479658,0.009466553054851896,4.432248110831564,145.26930864910454,0.0011177895357832,0.058595900535583494,2.7429144449651837,7.23
Switzerland,Europe,2002,43.47,45585.0884239094,4.449391875982315,95.55060812401769,0.006417886862627755,0.011158735813309697,0.014387440350878468,4.4174278129554985,150.55968860397087,0.0011377134360373,0.057703561782836914,2.543980776422821,7.28
Switzerland,Europe,2003,44.65,46089.06150842216,4.245907563285471,95.75409243671453,0.012633001693621587,0.011081027106347058,0.010148746626162839,4.212044787859339,153.79930426901905,0.0011581719154492,0.05649076461791992,2.624329824076797,7.33
Switzerland,Europe,2004,45.23,47925.96285445294,4.464972446610133,95.53502755338987,0.012895370325941503,0.004625769995838899,0.009230337824818193,4.4382209684635345,141.47331147830658,0.0011787122348323,0.056082839965820315,2.9763787379895006,7.38
Switzerland,Europe,2005,45.78,49938.67715449128,4.673102655189595,95.3268973448104,0.005041593728973244,0.01367172592736294,0.01439913999912851,4.63999019553413,161.4507900175534,0.0011994565138593,0.0567831563949585,3.0890501169365194,7.43
Switzerland,Europe,2006,45.36,52560.59002978399,4.678538727664346,95.32146127233565,0.011280660267450547,0.011478055485006904,0.020357326735350942,4.635422685176538,147.54555168066705,0.0012200329219922,0.05715513706207275,2.8191751535085054,7.48
Switzerland,Europe,2007,43.36,55243.405921844154,4.960707827933348,95.03929217206665,0.014140480969905452,0.007984270116839857,0.018347386616821466,4.920235690229782,150.04937394536552,0.001239719800651,0.05704999923706055,2.773622970429143,7.55
Switzerland,Europe,2008,44.7,56759.29624482938,4.716902652016358,95.28309734798364,0.006420415300656136,0.012541250440498187,0.013859835284428705,4.684081150990775,148.503584501065,0.0012599196052178,0.058538875579833984,2.784500698372815,7.64
Switzerland,Europe,2009,43.53,55797.011004900196,4.738830478464578,95.26116952153542,0.010121622815747364,0.0074069929492296665,0.018780108473834767,4.702521754225766,143.31720613864488,0.0012795442016795,0.0547452163696289,3.10714883656476,7.74
Switzerland,Europe,2010,45.03,57648.11243906335,4.8701253133124,95.1298746866876,0.013787210777561995,0.013370966446035576,0.01313012346583666,4.829837012622965,152.0698649946422,0.0012998312013223,0.055259780883789064,2.8325446153538674,7.83
Switzerland,Europe,2011,40.97,59019.61413485505,5.291301591647084,94.70869840835292,0.0056505384126891945,0.0064826951895969485,0.010810892888768398,5.26835746515603,145.0273554031603,0.0013182047987356,0.05467002868652344,2.4181182724600943,7.91
Switzerland,Europe,2012,42.24,59084.416403475116,4.822631999616021,95.17736800038398,0.011549434595626757,0.011609869024783044,0.0207038493005616,4.77876884669505,144.67117171765724,0.0013371732784435,0.05478415489196777,3.037834280144568,8.0
Switzerland,Europe,2013,43.18,59457.42156545649,4.710760385578084,95.28923961442192,0.00751224023482124,0.009804962314220605,0.018236433416023098,4.675206749613019,141.64297298449975,0.0013566433917731,0.05518136501312256,2.704824568592581,8.09
Switzerland,Europe,2014,39.24,60118.72217730425,5.31381359368126,94.68618640631874,0.01513795173155935,0.0063397459536479635,0.022779829333078826,5.269556066662974,147.27680310217164,0.0013742354931309,0.05543696403503418,2.8658476092945793,8.19
Switzerland,Europe,2015,38.76,60416.25768716336,4.900679466033779,95.09932053396622,0.014418369870843205,0.007271567700250566,0.01037382714855553,4.86861570131413,160.04328719315055,0.0013916217721998,0.05584348201751709,3.5429660870102624,8.28
Switzerland,Europe,2016,39.22,60996.300198462,4.969145512684619,95.03085448731538,0.014353540686997578,0.005092420435097812,0.02241759875201395,4.92728195281051,144.89243180325334,0.0014091947814449,0.056299781799316405,2.8121107416469013,8.37
Switzerland,Europe,2017,38.23,61251.76921405361,5.081262295698593,94.9187377043014,0.009900475934070223,0.009845128272390861,0.019606449955722867,5.041910241536409,152.07849958306022,0.0014264285564422,0.05657687664031982,3.0200110952645813,8.45
Switzerland,Europe,2018,36.95,62539.902666297654,5.18420114674575,94.81579885325425,0.014122206146350838,0.008307840567359052,0.01913066676319858,5.1426404332688405,126.65552847364688,0.0014430391602218,0.05694843292236328,2.1728114081888528,8.52
Switzerland,Europe,2019,36.82,62802.90590222704,5.186999153995814,94.81300084600419,0.013948353185413981,0.01139435868367489,0.020093615925423556,5.141562826201301,141.771017389077,0.0014595268294215,0.05684086799621582,2.702435442519944,8.58
Switzerland,Europe,2020,34.34,60863.549406972816,5.367240533388312,94.63275946661169,0.008792618521817501,0.008557934152566653,0.024653344549777672,5.32523663616415,126.52969311526815,0.0014748377725481,0.05719149112701416,2.707332903406871,8.64
Switzerland,Europe,2021,35.9,62949.015719157156,5.284914492853559,94.71508550714644,0.014046409298232549,0.008455008211027612,0.01987555673540114,5.2425375186088985,123.9899521565212,0.0014909722376614,0.058415699005126956,2.0172271143519667,8.71
Switzerland,Europe,2022,32.95,63623.00908182043,5.6354509491546025,94.3645490508454,0.006052560369521382,0.01401190858354912,0.021092654007566908,5.594293826193966,128.07962415595412,0.0015057022683322,0.05879136562347412,2.609527514429979,8.79
Switzerland,Europe,2023,31.98,,5.2485688243152,94.7514311756848,0.011507695814473433,0.005753930800375413,0.02609608086465312,5.205211116835697,146.55932972145112,0.0015200158813968,0.05953211784362793,2.8751865973366595,8.87
Thailand,Asia,2000,167.35,9192.79160269246,9.313045590412699,90.6869544095873,0.013597211166129091,0.026130450097569563,0.03976847881747598,9.233549450331523,133.29815397379014,0.0072984443977475,0.8266721343994141,2.645156700256874,63.01
Thailand,Asia,2001,172.27,9370.57900210015,10.308326746934085,89.69167325306591,0.012794012453839026,0.027879155730598657,0.03429458068807377,10.233358998061574,125.83476063989126,0.007407322525978,0.84285400390625,2.8245038398357334,63.65
Thailand,Asia,2002,184.67,9805.700803481655,10.838670639045546,89.16132936095445,0.012506811453203669,0.025314900664451873,0.04467907056130848,10.756169856366583,108.98954377548438,0.0075215618126094,0.8355538940429688,2.344164254862307,64.27
Thailand,Asia,2003,191.09,10368.762483165085,9.343611571104518,90.65638842889548,0.02235531529735489,0.02042927542447281,0.02959767815958663,9.271229302223103,124.12859413097041,0.0076389894820749,0.8769534301757812,2.92947907560246,64.87
Thailand,Asia,2004,207.33,10880.727659679531,9.025654522085688,90.97434547791431,0.015160842529439599,0.025132882676890705,0.024248561603047315,8.96111223527631,131.1378613590441,0.0077644418925046,0.8959606170654297,2.3001289270664955,65.45
Thailand,Asia,2005,214.33,11197.628094011254,9.654373095055519,90.34562690494448,0.02364871073353057,0.013232866492943179,0.03659543829598676,9.580896079533058,130.00381625809604,0.0078938761726021,0.9205257415771484,2.6208384302950414,66.02
Thailand,Asia,2006,215.82,11613.24884159634,10.019631603859793,89.98036839614021,0.011329324519423221,0.011602115430294905,0.0479393912609179,9.948760772649157,109.48382836452659,0.0080241933465003,0.931744613647461,2.2770812897494093,66.57
Thailand,Asia,2007,224.08,12095.954583985893,9.993468035592983,90.00653196440702,0.016295155861676017,0.014780542489973809,0.04784291435282816,9.914549422888506,119.81734860499877,0.0081660188734531,0.9788592529296877,2.0963012295534567,67.1
Thailand,Asia,2008,224.25,12156.504335170295,8.835777837868221,91.16422216213178,0.018369428247653998,0.02287721212864946,0.026734552912540427,8.767796644579377,128.82112911043507,0.0083047728985548,0.9892130279541016,2.8480265663943647,67.62
Thailand,Asia,2009,228.84,11932.573327782236,8.345496312565217,91.65450368743478,0.021543450825412157,0.008924177478808255,0.02990218367086117,8.285126500590135,135.5605698148951,0.0084445364773273,1.0188542175292967,3.3663711087941675,68.12
Thailand,Asia,2010,241.02,12687.611658073689,7.833422599715618,92.16657740028438,0.01282726872008361,0.0169641670661391,0.020640345491736056,7.78299081843766,109.88757857311964,0.0085917664691805,1.073713912963867,2.253099434824765,68.58
Thailand,Asia,2011,244.88,12660.166590848505,7.719361541243984,92.28063845875602,0.017382325181772202,0.02308764569964125,0.038495632570283246,7.640395937792286,130.591975312133,0.0087364520877599,1.0608070373535157,2.7409779314762583,69.01
Thailand,Asia,2012,262.35,13493.283091022506,7.526137053126064,92.47386294687394,0.02086211697161719,0.020406309209217946,0.037204357625923314,7.447664269319305,135.63566562647912,0.0088826324790716,1.068883819580078,2.6955261927682646,69.44
Thailand,Asia,2013,263.75,13774.704979641238,7.476556737352723,92.52344326264728,0.016685628875136596,0.015273793296517485,0.02952138456783036,7.415075930613239,142.7249784839274,0.0090273097157478,1.056406478881836,2.569524254770686,69.85
Thailand,Asia,2014,272.49,13836.701034283149,7.510190253531377,92.48980974646862,0.011009330207056434,0.008466100926832207,0.033144288399442855,7.4575705339980445,141.9659119970932,0.0091778580099344,1.001601791381836,2.2252265086128866,70.22
Thailand,Asia,2015,277.1,14204.712786518812,7.515946361502699,92.4840536384973,0.007882736292218069,0.020013063842496674,0.031155856088936056,7.4568947052790495,141.23860192713298,0.0093256048858165,0.9605263519287109,2.5480855859055183,70.54
Thailand,Asia,2016,284.05,14626.490881512778,8.365567736996056,91.63443226300394,0.022923309872000492,0.018387158303318656,0.031617451254383956,8.292639817566352,127.37657259763186,0.0094732167199254,0.9736602020263672,2.1204376472765905,70.86
Thailand,Asia,2017,283.35,15173.270913651248,8.148477043232788,91.85152295676721,0.00849510365530772,0.010021534819332432,0.01760106887276503,8.112359335885383,116.255822696085,0.0096196746453642,0.9640504455566407,2.871323786555095,71.16
Thailand,Asia,2018,288.3,15766.20467998236,8.005096761730357,91.99490323826964,0.022009239816699177,0.009507770055338862,0.026931491221216942,7.946648260637102,131.97929119920093,0.0097770178690552,0.9323157501220705,2.5771357510102435,71.38
Thailand,Asia,2019,281.88,16066.754904738475,8.122561321530966,91.87743867846903,0.016715209934272713,0.02289956056269676,0.03268810199791368,8.050258449036082,145.0471865074829,0.0099433306604623,0.8953355407714844,2.7169791854055756,71.52
Thailand,Asia,2020,271.92,15051.791370709183,8.286133716137684,91.71386628386232,0.023848614752904736,0.019376299439296512,0.0334146200809277,8.209494181864555,147.67053698397478,0.0101081700995564,0.9262726593017578,3.1294747391799382,71.64
Thailand,Asia,2021,267.14,15268.75326659969,8.104775773178503,91.8952242268215,0.02105269380781757,0.021547142893416863,0.02528177702100099,8.036894159456267,140.41692797279444,0.0102563938125967,0.9356546020507812,2.4101455167079453,71.73
Thailand,Asia,2022,272.57,15670.714829156477,7.852533743916595,92.1474662560834,0.023525156298253448,0.021656956693231002,0.03788907179265732,7.769462559132453,138.40905579343095,0.0104110604152083,0.9494736480712891,2.48448568129353,71.74
Thailand,Asia,2023,264.73,,7.419927772339932,92.58007222766007,0.012624440451455735,0.015904946881178873,0.018565186818850107,7.372833198188448,137.39737862817034,0.0105621647089719,0.9338058471679688,2.7187797388253117,71.7
Turkey,Europe,2000,232.93,11999.136569358856,8.238073971737691,91.76192602826231,0.020878381720668672,0.016763596616065354,0.02884214233461987,8.171589851066337,126.33050057179894,0.0036136948037892,0.5346279144287109,2.8299187065758273,65.43
Turkey,Europe,2001,216.87,11054.166390855176,8.694884350228364,91.30511564977164,0.01568436997145634,0.016179917458046963,0.03541123752706259,8.627608825271798,127.9337914794227,0.0037164306268095,0.5425954818725586,2.6974461772213996,66.25
Turkey,Europe,2002,224.32,11873.04460788794,8.689968451168696,91.3100315488313,0.01703017645302065,0.01419848014838949,0.03555420138047705,8.623185593186808,146.50367792530687,0.0038164644502103,0.4864120864868164,2.918556389559675,67.05
Turkey,Europe,2003,239.85,12509.62609580899,8.4492402845907,91.5507597154093,0.0190531291618415,0.015793251684606362,0.03333999978023929,8.381053903964014,122.10250139299755,0.0039349789731204,0.49169178009033204,2.477075342858766,67.83
Turkey,Europe,2004,247.84,13575.117082666953,8.784636144784812,91.21536385521519,0.024134507257090015,0.02238113853566633,0.024824192659936968,8.71329630633212,148.02616877398552,0.0040514017455279,0.4541794204711914,2.9884894570418012,68.59
Turkey,Europe,2005,267.71,14674.60375089372,9.014872478781044,90.98512752121896,0.026757646445397243,0.019867398423964584,0.022254291848735636,8.945993142062946,130.45919696741592,0.0041696894913911,0.47103343963623046,2.6478430230174315,69.33
Turkey,Europe,2006,285.43,15658.799440065623,9.198536643675354,90.80146335632465,0.023332518943264016,0.02561835301964202,0.03594623448586985,9.113639537226579,148.49487608387182,0.004294378682971,0.5296904754638672,2.5669263349088687,70.05
Turkey,Europe,2007,316.5,16373.106451136035,9.022053542252053,90.97794645774795,0.016560282096028122,0.017022450000839087,0.034264914423889,8.954205895731295,124.50159873382066,0.0044303559698164,0.565760612487793,2.5058493462310762,70.75
Turkey,Europe,2008,312.63,16487.279563736476,9.662190833623825,90.33780916637618,0.017804654363793266,0.021393821558993616,0.024523297662963784,9.598469060038076,143.07819528957165,0.0045646931976079,0.5607144927978515,2.467144526957821,71.56
Turkey,Europe,2009,318.57,15493.813212823223,10.01861893770895,89.98138106229105,0.024797730967343796,0.022668278551561144,0.04123079906801737,9.929922129122028,129.78677986364764,0.0047047887928783,0.5927663803100586,2.6009132406886093,72.46
Turkey,Europe,2010,318.71,16912.767571047374,11.108826064058988,88.89117393594101,0.016413893624884046,0.02425494778137549,0.03738693158431943,11.030770291068409,121.72229878468673,0.0048413462936878,0.6456879425048828,2.3033623981085154,73.35
Turkey,Europe,2011,344.21,18389.53018830926,10.926064019790005,89.07393598021,0.01334015848499629,0.026280107194187916,0.0437401129608267,10.842703641149994,140.54899665456654,0.0049932496622204,0.6717601013183594,3.5105984333079236,74.22
Turkey,Europe,2012,358.64,19018.421941690485,10.784337834726259,89.21566216527374,0.01843306813808163,0.015905463307175665,0.04866002410921095,10.70133927917179,149.622353208999,0.0051509840413928,0.7249298858642578,2.8819893362184703,75.2
Turkey,Europe,2013,350.63,20306.677601708267,11.97663687933769,88.02336312066231,0.018856951080593782,0.024249426706921068,0.030051601030174614,11.90347890052,128.68337599462808,0.0053078737109899,0.7633805847167969,2.1376621460355727,76.4
Turkey,Europe,2014,367.27,20863.816247581857,11.532308047432949,88.46769195256705,0.01836654109154164,0.013936213111770589,0.02372696964066678,11.47627832358897,123.43542980952041,0.0054709301330149,0.8028972625732422,2.434712813749249,78.04
Turkey,Europe,2015,387.7,21586.07349475947,10.722979915195523,89.27702008480448,0.015732922360279886,0.018969194402196507,0.04650886398778777,10.64176893444526,139.2666686381171,0.005646008066833,0.8236986541748047,2.88407432190124,80.01
Turkey,Europe,2016,405.55,21856.028806587638,11.0271709914023,88.9728290085977,0.011955508590789672,0.021782347296527504,0.04222405526333141,10.951209080251653,140.03857102140128,0.0058284518308937,0.8508004760742187,3.2426263201881773,81.65
Turkey,Europe,2017,430.62,23090.845058078623,11.085664539969244,88.91433546003076,0.011481953428897103,0.025546343232271125,0.04543923778309638,11.00319700552498,148.07856997804228,0.0060229552909731,0.8852080535888672,2.692421399667061,83.08
Turkey,Europe,2018,423.82,23403.601213732483,11.276114696783722,88.72388530321628,0.03355145660727333,0.0327127090404169,0.05090562428852292,11.158944906847507,150.639806916423,0.0062046297825872,0.9609711456298828,2.435508518455676,84.42
Turkey,Europe,2019,406.57,23326.74517114865,9.99605589438309,90.00394410561691,0.018548144204261277,0.022004339162859456,0.04406694072014913,9.91143647029582,139.51386187020609,0.0063835172913968,0.9834256744384766,2.9772728933525916,85.36
Turkey,Europe,2020,416.33,23576.60035013135,11.756769673714828,88.24323032628517,0.020793649413969717,0.029241294480241677,0.05740548987425287,11.649329239946365,157.83656427786727,0.0065748188644647,1.017979507446289,2.611205416675981,86.09
Turkey,Europe,2021,457.38,26073.294524539037,11.565924077649797,88.4340759223502,0.027287421820067867,0.023276793692074697,0.04172760145295817,11.473632260684695,145.19950808557684,0.0067930174991488,1.05222900390625,2.6923454969169835,86.69
Turkey,Europe,2022,443.6,27406.826716961907,10.876430494195333,89.12356950580467,0.015624076977099879,0.024670007340902782,0.03769212737442097,10.79844428250291,138.59824716078566,0.0070024314336478,1.068631362915039,2.640285808919273,87.06
Turkey,Europe,2023,486.94,,9.914862247903628,90.08513775209637,0.02875233080734747,0.01132142855171341,0.03178369317414415,9.843004795370422,130.59016244072694,0.0072310464456677,1.0854708862304687,2.568552563061598,87.27
Ukraine,Europe,2000,285.66,5109.223689880273,2.4132667052752197,97.58673329472478,0.006208587189571648,0.003641096169571137,0.005939225840335278,2.3974777960757416,151.55784651684667,0.0150472614914178,0.7951023864746094,3.1316748813918474,49.56
Ukraine,Europe,2001,303.88,5724.462333262074,2.5236959209272243,97.47630407907278,0.002974988284570152,0.004350110271520638,0.009382651455607804,2.506988170915526,154.1216331902504,0.0151856085285544,0.7886804962158203,2.7608558463580906,49.11
Ukraine,Europe,2002,295.9,6185.371436427837,2.7241753652841822,97.27582463471582,0.004999301890103301,0.005298484881222618,0.007712242814500414,2.706165335698356,166.05434579314598,0.0153197087347507,0.8075756072998047,3.0747507570403076,48.68
Ukraine,Europe,2003,307.25,6938.972314119471,3.02371437857029,96.97628562142971,0.008340119712650482,0.0032997719148487974,0.014404741072430172,2.9976697458703603,163.07943041164046,0.0154592897742986,0.8121849822998047,3.104989780701431,48.32
Ukraine,Europe,2004,310.63,7942.518829603525,3.3704414709903148,96.62955852900969,0.009738769444797346,0.004314327521653705,0.012637714358687806,3.343750659665176,147.3030349831023,0.0155997080728411,0.7934547424316406,2.9017279469852735,47.98
Ukraine,Europe,2005,313.51,8392.593487166841,3.525443879196871,96.47455612080313,0.006821039473123313,0.005477230493350827,0.013320962115536598,3.4998246471148597,161.60935733985445,0.015742128714919,0.80237548828125,3.1150978698500484,47.59
Ukraine,Europe,2006,333.05,9238.554458857585,3.5505936673043976,96.4494063326956,0.007906542855272262,0.01044962930708934,0.010881767094449013,3.5213557280475865,170.23074803832986,0.0158928241580724,0.7856671142578125,3.3544937011800515,47.28
Ukraine,Europe,2007,336.83,10211.476203584309,3.810836846828522,96.18916315317148,0.00508391507970622,0.006336255614337837,0.0082160425081352,3.791200633626343,179.48769422627882,0.0160464309155941,0.8026517486572265,3.6249549605129827,47.06
Ukraine,Europe,2008,325.98,10670.67594806469,3.8960504310874313,96.10394956891257,0.011619336337370039,0.0076521629756062725,0.008163126794472175,3.8686158049799833,171.4590431403058,0.0161947719752788,0.7962985229492188,3.361134924940183,46.82
Ukraine,Europe,2009,277.59,9245.815540909844,3.012692197460055,96.98730780253995,0.004408603251720446,0.004194256295673495,0.009851519852023009,2.994237818060638,162.8295650739651,0.0163243189454078,0.756284408569336,3.241348698236208,46.62
Ukraine,Europe,2010,294.37,9459.053973246984,2.9605945212506413,97.03940547874936,0.00854268757227734,0.006577138785482635,0.006672280427747797,2.9388024144651337,158.92393172294996,0.0164600107818841,0.7316883087158204,2.5681159575432564,46.46
Ukraine,Europe,2011,308.38,10175.836852988265,3.4251662909735217,96.57483370902648,0.007875461897318659,0.005347939667428265,0.01308598778963502,3.3988569016191397,164.4171302404498,0.0166016351431608,0.7783779907226562,3.1457423935969016,46.31
Ukraine,Europe,2012,304.43,10220.216402141603,3.2001865760104238,96.79981342398958,0.007089928841448275,0.0045250163177153,0.01485820711144761,3.1737134237398124,172.638566433265,0.0167462322860956,0.7754518127441407,3.4060693273327223,46.21
Ukraine,Europe,2013,297.54,10238.87578808917,3.1862378071832893,96.81376219281671,0.006453332841401901,0.006478084285004538,0.014812005321109326,3.158494384735773,145.72715957706433,0.0168853625655174,0.7945541381835938,3.0503169116041646,46.13
Ukraine,Europe,2014,257.7,9597.791473441042,3.3959328024419477,96.60406719755805,0.004962611162732837,0.003433327450387009,0.01350608738458446,3.3740307764442434,148.63370911868938,0.0170057918876409,0.7378132629394532,2.6704341136288923,45.97
Ukraine,Europe,2015,223.85,8693.813558438389,3.764605863810772,96.23539413618923,0.005093722792640595,0.003822309988314194,0.009914825501780997,3.7457750055280363,138.37592433017804,0.0171127133071422,0.6340648651123046,2.5163030068162553,45.78
Ukraine,Europe,2016,234.11,8936.749649619458,3.8218677480135455,96.17813225198645,0.005507206010667695,0.005496371780217798,0.017538514765252162,3.7933256554574077,151.79004818880156,0.0172226969152688,0.6639725494384766,2.756410568435746,45.62
Ukraine,Europe,2017,223.29,9184.055632426745,3.8234159323470465,96.17658406765295,0.0052490779761099225,0.004104218017233308,0.017810543139068033,3.796252093214635,158.55814431458532,0.0173283964395523,0.6106843948364258,3.1978544790007684,45.44
Ukraine,Europe,2018,231.9,9552.147131484257,3.864413704170417,96.13558629582958,0.0098896875505901,0.004699326113502393,0.010008679834340199,3.839816010671984,141.9748894995311,0.0174373816698789,0.6232866287231446,3.0817625484697597,45.21
Ukraine,Europe,2019,222.19,9912.854366231752,4.065342765271183,95.93465723472882,0.00691210114385551,0.00682051214371996,0.01712435493867257,4.034485797044935,122.38213862553985,0.0175413116812706,0.631066665649414,2.335876185821158,44.96
Ukraine,Europe,2020,207.1,9600.070210014286,4.419238377348151,95.58076162265185,0.004930479529583147,0.01151287324996646,0.01263707131413397,4.390157953254468,139.4239791489022,0.0176381878554821,0.6436825561523437,3.0031723604705496,44.68
Ukraine,Europe,2021,210.64,10007.378580408853,4.49765057794535,95.50234942205465,0.013215020587027709,0.009643400400870928,0.019825288150099873,4.454966868807351,153.57590061025917,0.0177364293485879,0.6201174926757812,2.9942583525135253,44.3
Ukraine,Europe,2022,143.04,7531.691929779719,4.362197190797218,95.63780280920278,0.012072693800104596,0.008834912618756173,0.021774839478142474,4.319514744900215,139.76360121338445,0.0178043451160192,0.5406668472290039,2.69893188626542,41.05
Ukraine,Europe,2023,139.33,,5.017092918626872,94.98290708137313,0.014326331739144105,0.007962014311854075,0.010486115613391994,4.984318456962482,139.80752911610463,0.0178706776350736,0.5478991317749023,2.673505196912284,37.73
UAE,Middle East,2000,112.28,45950.157669647466,4.745692307044138,95.25430769295586,0.01418874510734658,0.013589325223788296,0.02226725147175236,4.695646985241251,360.5076085946043,0.0007083008531481,0.24712799072265626,6.492105146894316,3.49
UAE,Middle East,2001,101.9,47607.69684895998,4.850491701881637,95.14950829811836,0.006537446628553162,0.008701928027968025,0.018761176113438555,4.816491151111677,312.2478631190703,0.000754167267587,0.2358073997497558,5.593639154941245,3.72
UAE,Middle East,2002,85.21,49381.68231631946,5.889827020094742,94.11017297990526,0.010557420918954284,0.006915749682351833,0.028978819793932145,5.843375029699504,282.7265735435283,0.0007924978272058,0.2206663703918457,5.706372804990743,3.96
UAE,Middle East,2003,107.11,53559.71399641977,5.199448069020676,94.80055193097932,0.013084291225734311,0.01161625868039271,0.01765227465197841,5.15709524446257,301.8754005440466,0.0008406824199482,0.23917871475219726,5.074339015805548,4.19
UAE,Middle East,2004,112.47,56909.01012652169,5.0154844156643605,94.98451558433564,0.011997245541324102,0.006157393792436684,0.022781151710737114,4.974548624619862,330.97967233056994,0.0008912841440178,0.23417459487915038,5.951105267898113,4.43
UAE,Middle East,2005,115.27,56253.95384708059,5.263806766286535,94.73619323371346,0.006883963392477593,0.008898182596203036,0.011512904493964346,5.23651171580389,309.1845784283284,0.0009431350626982,0.24376071929931642,5.288192951909801,4.66
UAE,Middle East,2006,122.72,61363.95871139481,6.031823613774904,93.9681763862251,0.015873746630211266,0.012153062241513673,0.018130679501948656,5.985666125401231,295.3681954125421,0.0009983422933146,0.2595376968383789,4.9651050305040805,5.01
UAE,Middle East,2007,134.1,65393.728094953636,6.336585647286853,93.66341435271315,0.009180959459624929,0.017415757452196777,0.013947139388309231,6.296041790986722,289.5535733442218,0.0010587008437141,0.2606649971008301,5.129597032397057,5.62
UAE,Middle East,2008,155.03,73729.47370772605,6.952951150021491,93.04704884997851,0.010065337034773539,0.013816161676751496,0.03425044178480959,6.894819209525156,300.2888061447063,0.0011284158099442,0.26286098480224607,5.345826642137411,6.3
UAE,Middle East,2009,169.09,71648.58140425995,5.615569071047062,94.38443092895294,0.011646402993334259,0.01350273428384524,0.024994458358678712,5.565425475411204,304.7961650493121,0.0012044899631291,0.25917156219482423,6.2521907073070215,6.71
UAE,Middle East,2010,185.85,70628.80531081355,4.904821459550817,95.09517854044918,0.010721350492823314,0.014644000134202915,0.022354421580137472,4.857101687343653,331.5292095915651,0.0012881159782409,0.27313507080078125,5.749223608760081,6.94
UAE,Middle East,2011,198.52,76543.53584919707,4.192798551785344,95.80720144821466,0.009057167776051396,0.005295413334752918,0.020183694895513797,4.158262275779027,329.10297095171535,0.0013774533290416,0.29520771026611325,5.426593916382041,7.2
UAE,Middle East,2012,208.32,77015.545872136,3.805874370353152,96.19412562964685,0.004502249189706715,0.005897061713758676,0.008583428270659292,3.7868916311790275,321.93608699646813,0.0014712155098095,0.30934179306030274,5.732880607191806,7.5
UAE,Middle East,2013,214.19,77451.41907602685,4.039523338592517,95.96047666140748,0.011128570605186404,0.007227321871046393,0.012751938099973126,4.00841550801631,344.45943979201195,0.0015676206676289,0.3236031723022461,5.38895902540828,7.83
UAE,Middle East,2014,214.53,76710.8979681627,6.2693639638364544,93.73063603616355,0.009599650635434578,0.011558552726760693,0.013874758648315675,6.234331001825943,313.83837095272685,0.0016641820548102,0.3200346755981445,5.49382690046235,8.24
UAE,Middle East,2015,225.04,77783.42963154752,4.479748475747215,95.52025152425279,0.00564013701815354,0.008162290546588834,0.011792397177594735,4.454153651004877,321.64752095272405,0.0017654804978519,0.34428470611572265,5.651167919932132,8.67
UAE,Middle East,2016,227.9,78870.01786505025,3.638633243402225,96.36136675659777,0.010106289860244536,0.01024356037536203,0.009781000310488622,3.6085023928561295,302.89005281813536,0.0018680648645386,0.3545060729980469,5.58462095997373,9.03
UAE,Middle East,2017,196.49,77699.21943930961,4.51062530004225,95.48937469995775,0.013131796951919064,0.010952092722418802,0.015369151163834905,4.471172259204077,280.25077493389585,0.001956506865099,0.34179298400878905,5.276099073770687,9.23
UAE,Middle East,2018,204.1,77772.36339887042,4.519141424343459,95.48085857565654,0.012311294680853102,0.010013560694486816,0.012679294096540582,4.484137274871578,284.18939028758217,0.0020483860280364,0.34301734924316407,4.895959358929,9.35
UAE,Middle East,2019,204.06,78374.26619093599,4.016079794214519,95.98392020578548,0.010518242095803387,0.006501010836394417,0.009248767991775576,3.9898117732905463,261.96719658839345,0.0021402409765869,0.35240936279296875,4.646290941025315,9.38
UAE,Middle East,2020,215.27,73932.08792807854,3.6299974007073104,96.37000259929269,0.008387050773815227,0.009610711307609264,0.009083971455574363,3.6029156671703118,309.51303541060304,0.0022371471859514,0.33741447448730466,5.222372317386448,9.45
UAE,Middle East,2021,212.17,74154.72395731763,3.6254877483707872,96.37451225162921,0.007619741044857148,0.010550608115053916,0.008852812750619101,3.5984645864602576,293.4021267982241,0.0023326599039137,0.33915966033935546,4.8560152623292785,9.79
UAE,Middle East,2022,207.1,76127.22608765696,3.8060319796409487,96.19396802035905,0.004468180759697301,0.01005704582966572,0.018722748193784357,3.772784004857802,264.7498228173274,0.0024258901830762,0.37374664306640626,4.828965598891428,10.24
UAE,Middle East,2023,210.43,,3.727849432794656,96.27215056720534,0.0067731535901321745,0.003739518385795249,0.015947283289313104,3.701389477529416,254.17832688221355,0.0025206187274307,0.36967552185058594,4.184777565536437,10.64
UK,Europe,2000,569.03,31995.438946100054,2.850733472572486,97.14926652742751,0.004975604733153294,0.006479154848518151,0.013977956952674179,2.8253007560381405,188.2772284566572,0.0306609664112329,1.0030390167236327,3.388047585134956,59.06
UK,Europe,2001,577.97,32709.236359694136,2.7035647190391927,97.29643528096081,0.0041080870498619,0.002980060345362143,0.008973730032646121,2.6875028416113227,186.69220047526025,0.0309238880872726,0.9701139831542968,3.1885230196343928,59.29
UK,Europe,2002,560.27,33321.61321643437,2.75247627434824,97.24752372565176,0.006734869672976512,0.0041705917984869775,0.0078035604726048955,2.7337672524041716,186.63399008236465,0.0311793517321348,0.9225950622558594,3.6510487972049117,59.54
UK,Europe,2003,571.62,34279.70921175114,2.738953437343099,97.2610465626569,0.00545531453552117,0.0030650242025917936,0.012037370564197342,2.7183957280407887,186.1692904723203,0.0314408242702484,0.8761973571777344,4.0191376773370715,59.82
UK,Europe,2004,573.43,34893.26736783489,2.804352877300687,97.19564712269931,0.0032589172548505773,0.0061908639088600614,0.008353499095969313,2.786549597041007,189.0602605990312,0.0317044220864772,0.8316459655761719,3.1344877747435005,60.17
UK,Europe,2005,570.34,35674.39589516864,2.8790324582874263,97.12096754171257,0.0041468616286537505,0.0068324617512433685,0.00834386826768273,2.8597092666398467,197.46685861517875,0.0319773443043231,0.7679823303222656,3.1035641929735895,60.6
UK,Europe,2006,567.85,36242.08444182973,2.76349176440948,97.23650823559052,0.006539851697077274,0.003396263054253124,0.007454568712745549,2.746101080945404,187.8794717330206,0.0322445482015609,0.7109010314941406,3.4686054821233094,61.05
UK,Europe,2007,559.57,36850.57089236375,2.86706267724135,97.13293732275865,0.0033036065689032402,0.005068042948545887,0.006849518629951197,2.8518415090939495,169.95651422945906,0.0325057655572891,0.6637122344970703,3.224013566458672,61.54
UK,Europe,2008,544.93,36307.15266728589,2.616627164370584,97.38337283562942,0.007071209431970714,0.005004228849791933,0.00724645896508347,2.5973052671237378,191.81524000363586,0.0327583588659763,0.6130854034423828,3.6346416320853634,62.03
UK,Europe,2009,494.11,34420.2407325306,2.4185375248264194,97.58146247517358,0.00481359843656797,0.004203674688385135,0.007415137484640785,2.4021051142168255,187.71080612405495,0.0329869985580444,0.5819169998168945,3.3694767434145763,62.51
UK,Europe,2010,511.9,34772.92891634547,2.3634606922617394,97.63653930773826,0.004635155661742018,0.002935536355117163,0.009505797837817012,2.346384202407063,204.62686910381146,0.0332236737012863,0.5328326034545898,3.7138381160133536,63.01
UK,Europe,2011,469.71,35002.93528092782,2.6118817279541275,97.38811827204587,0.0057064798644540825,0.00480036588426898,0.00571399936052421,2.5956608828448804,155.84338189144188,0.0334419608116149,0.5107107162475586,3.103747233425251,63.51
UK,Europe,2012,487.48,35259.4331586557,2.244836007624812,97.75516399237519,0.005947383061847983,0.005617379067340111,0.005907332689296622,2.2273639128063274,171.60519177340095,0.0336694344878196,0.49958393096923825,3.557812336167867,63.96
UK,Europe,2013,477.61,35661.97384584472,2.465600484998248,97.53439951500175,0.004180717588379255,0.0028157535492218232,0.010915388209631113,2.447688625651016,146.5469027583342,0.0338919758796691,0.4780311584472656,2.258235813037863,64.39
UK,Europe,2014,438.81,36532.67806327373,2.8191497500144322,97.18085024998557,0.006642007883999694,0.003271228683324736,0.006880884212457345,2.802355629234651,167.39483555162235,0.0340962298214435,0.46740428924560545,3.067635537116519,64.87
UK,Europe,2015,422.46,37111.61938031456,2.8975030691975405,97.10249693080246,0.006175923273239454,0.0049534048831134225,0.008773452229479022,2.877600288811709,153.89129781614807,0.0342952497303485,0.4630399703979492,3.0264034032406886,65.38
UK,Europe,2016,399.43,37620.984185614216,2.987559257050094,97.0124407429499,0.004583084817927551,0.008614481991748508,0.01372477781266491,2.9606369124277534,175.33853972351767,0.0344834811985492,0.45942039489746095,3.0300238041930614,65.89
UK,Europe,2017,387.37,38272.45442719438,3.017896289097365,96.98210371090263,0.008321124639719164,0.007053262108171536,0.007438438142955881,2.9950834642065187,146.54229587229605,0.0346639528870582,0.46574310302734373,3.3640276234869275,66.35
UK,Europe,2018,379.73,38692.921105949135,3.1277884687637254,96.87221153123627,0.00811614829891229,0.007373260597917375,0.007031926898693174,3.1052671329682022,136.11493390146876,0.0348435118794441,0.463952522277832,2.487215978354879,66.75
UK,Europe,2019,364.75,39103.67479340706,3.2691098150262263,96.73089018497377,0.007574212525833996,0.005635422203630759,0.011290243376460032,3.244609936920302,146.15269607884446,0.0350137427449226,0.4568635559082031,2.8260553311593264,67.11
UK,Europe,2020,326.26,34665.76958349777,3.081191218626742,96.91880878137326,0.008322801127445798,0.006739556052056247,0.008957819464731938,3.057171041982508,126.53344995257567,0.0351660959422588,0.44527652740478507,2.6913418282938983,67.35
UK,Europe,2021,342.37,37124.79818655833,3.060384574415693,96.93961542558431,0.00836889216261082,0.0031223952130538376,0.01129350795212087,3.0375997790879072,155.538135493939,0.0353242121636867,0.4492172622680664,2.8112247312624556,67.67
UK,Europe,2022,311.12,38358.12423322235,3.136171535937976,96.86382846406202,0.0075792671453099505,0.007125984165682552,0.013834953125822003,3.107631331501161,123.34608786898916,0.0354676581919193,0.4467426681518555,1.9195654915625016,68.18
UK,Europe,2023,307.83,,3.0737553568523452,96.92624464314765,0.00821930376048164,0.008688196651763914,0.007412193414135774,3.049435663025964,143.6803002250802,0.0356091782450675,0.44022785186767577,2.6702884455263236,68.68
USA,North America,2000,6023.16,45996.97318433154,3.8664835031653126,96.13351649683469,0.009260007304111077,0.008603493922829317,0.014468757298527651,3.8341512446398447,257.3115715858198,0.1864834576845169,7.996802978515625,4.925817312151229,281.48
USA,North America,2001,5903.56,45989.26002669611,3.845969499180967,96.15403050081903,0.009077570825860005,0.010566405783078717,0.013524452820446524,3.812801069751582,269.8541880056794,0.1891577988862991,7.761088256835937,4.716598470055328,284.28
USA,North America,2002,5947.82,46353.43004232885,3.897859591726032,96.10214040827397,0.008720380179979864,0.009541750228525464,0.009480515817529442,3.8701169454999973,289.05966502724266,0.1918795108795166,7.575716552734375,4.871024349998189,287.08
USA,North America,2003,6006.44,47190.51435775554,3.73651075517985,96.26348924482015,0.009361578393799773,0.00463744639421953,0.014467752667544645,3.7080439777242864,276.3646915748625,0.1946793049573898,7.645252685546875,5.199536728048615,289.91
USA,North America,2004,6111.54,48495.82454976847,4.051628002330375,95.94837199766962,0.0053368457741663254,0.011364438183520325,0.011429323543383014,4.023497394829306,265.11370600649417,0.197510078549385,7.653320922851562,4.64258682729699,292.79
USA,North America,2005,6126.9,49621.235141474914,3.9523811079752136,96.04761889202479,0.01091545500242647,0.0044776038983212335,0.013689083649256379,3.9232989654252095,272.27670109336964,0.2003896534442901,7.726548461914063,4.703378973398849,295.72
USA,North America,2006,6045.33,50430.669001214636,4.039499619896176,95.96050038010382,0.01108312281776779,0.008353422424683404,0.009076016307727853,4.0109870583459974,268.84250518175406,0.2030979543924331,7.8502294921875,4.846316909807058,298.73
USA,North America,2007,6121.54,50798.33473429107,3.7704917771264235,96.22950822287358,0.003991045057496613,0.004842345490101689,0.012739557280119945,3.748918829298705,273.9536691920064,0.2058544903993606,7.939393920898437,5.114483769957738,301.84
USA,North America,2008,5919.22,50131.27992906195,3.750107753598357,96.24989224640164,0.00994391135228699,0.0038379098569389994,0.010948028590302784,3.725377903798828,248.60470662915682,0.2085604667663574,8.10640380859375,5.192189365586272,304.97
USA,North America,2009,5486.1,48256.076762690784,3.4260544285317422,96.57394557146826,0.0043090847888551335,0.006317879120336572,0.015304677228632128,3.400122787393918,255.67019601693698,0.2110621780157089,7.724828491210937,4.838893968568217,308.02
USA,North America,2010,5669.25,48991.9960248861,3.4866859869030264,96.51331401309697,0.005823594413087722,0.0055441145887904246,0.0075693727607259445,3.4677489051404224,225.9700948798014,0.2136790156364441,7.5618658447265625,4.463473507993325,311.06
USA,North America,2011,5538.97,49276.13960073711,3.5829011522312157,96.41709884776878,0.008910734328552463,0.007065484610655959,0.011665287767374194,3.5552596455246332,241.9079689305535,0.2161572873592376,7.643828125,4.218737643192499,314.11
USA,North America,2012,5331.47,49921.54102114748,3.9215732066898994,96.0784267933101,0.005182436608796498,0.008448636428135217,0.013236463583315422,3.8947056700696523,236.47913325915607,0.2185841798782348,7.4964111328125,3.9759057003556544,317.12
USA,North America,2013,5473.44,50365.29500987208,4.186843202302455,95.81315679769754,0.011036242551583383,0.004553100477445919,0.01748014669114773,4.153773712582279,249.77235265883135,0.2210548222064972,7.4806671142578125,4.515057047427039,320.11
USA,North America,2014,5531.39,51038.48401357265,4.109261276008709,95.89073872399129,0.010948174783858887,0.005120166630955667,0.015298215632850862,4.077894718961044,243.89023922764142,0.2235744446516037,7.632147216796875,4.434394802220141,323.12
USA,North America,2015,5368.5,51935.78008019931,4.497927224991798,95.5020727750082,0.009063033095967307,0.009523392913049858,0.01799907205893194,4.461341726923849,224.03717453202964,0.2260078936815261,7.54888671875,3.761040970103095,326.13
USA,North America,2016,5245.36,52312.09643380412,4.231407565147066,95.76859243485293,0.004285450016932403,0.007135569433799629,0.018326851807691027,4.201659693888643,224.24220709400907,0.228405475616455,7.333711547851562,4.035286954532942,329.18
USA,North America,2017,5195.42,52997.82614042644,4.50811614238998,95.49188385761002,0.007096118625684598,0.01108251368203891,0.02067696571547533,4.469260544366781,233.49396990128866,0.230802521109581,7.492562255859375,4.355698798936358,332.2
USA,North America,2018,5361.24,54094.43840762829,4.732100604272631,95.26789939572737,0.010570821090748434,0.010905520013200446,0.013920072491665587,4.696704190677016,233.43158066824884,0.2332522720098495,7.77600341796875,4.343023309197406,335.06
USA,North America,2019,5235.91,54887.79689410289,4.968382419043365,95.03161758095663,0.014718198732482975,0.0133709541201342,0.017956072489215224,4.922337193701533,224.23798973598596,0.2356467694044113,7.990618896484375,4.2390941917910565,337.79
USA,North America,2020,4689.95,53109.721409121186,4.945594883927939,95.05440511607206,0.011194982377548141,0.011795172845392174,0.022355692411882195,4.900249036293116,211.77035007713238,0.237788513302803,7.611742553710937,3.975615020275351,339.44
USA,North America,2021,5020.11,56147.98160631012,4.792284684638076,95.20771531536192,0.007282390129733876,0.008912988919891585,0.023809763872641145,4.75227954171581,231.19204594946837,0.2400837242603302,7.894396362304687,4.046970137410478,340.16
USA,North America,2022,5055.4,57075.33610930162,4.603618208976414,95.39638179102359,0.010441058607744944,0.010799781002753141,0.021492258310624495,4.560885111055291,219.55655391066972,0.2424065917730331,8.019072875976562,3.8587346745760622,341.53
USA,North America,2023,4918.41,,4.824729171756644,95.17527082824336,0.010035295599430998,0.007482008341322079,0.015026145158522542,4.7921857226573685,219.81490724964772,0.2446670681238174,8.190606689453125,3.6573530965962004,343.48
Vietnam,Asia,2000,53.94,2856.4042703882064,12.90985140667999,87.09014859332001,0.0330452277498498,0.020818774912853947,0.033378415023916065,12.82260898899337,126.96398353475831,0.003622870426625,0.7413777160644531,3.066856248311662,77.15
Vietnam,Asia,2001,60.98,3012.0336053944884,12.96002808069268,87.03997191930732,0.01573297224726833,0.033410567736339256,0.04494767924319786,12.865936861465876,91.65231564490863,0.0037122678477317,0.7406211090087891,1.9704721597043258,77.97
Vietnam,Asia,2002,69.53,3182.382659804705,13.378389495609895,86.6216105043901,0.03374104488900822,0.025323137833334244,0.056522683617476324,13.262802629270075,87.84032968899231,0.0037951290141791,0.7506428527832031,1.8379893582854214,78.77
Vietnam,Asia,2003,77.26,3370.917255776869,13.693730650896171,86.30626934910383,0.02851764812834168,0.03555934133095434,0.04762278584736597,13.58203087558951,114.64937764622054,0.0038866833783686,0.7733453369140625,2.055752417903791,79.56
Vietnam,Asia,2004,88.94,3586.665000489115,12.926145343955113,87.07385465604489,0.03782169455785101,0.03418764761626857,0.044589288887740795,12.809546712893253,101.72904501863316,0.0039865337312221,0.833401107788086,3.008362090996464,80.34
Vietnam,Asia,2005,95.84,3810.5203641378193,13.704408897797435,86.29559110220256,0.023074720806137136,0.037209178759119964,0.06187117511882863,13.58225382311335,105.30967068630606,0.0040747695602476,0.8711255645751953,1.8629563213140286,81.09
Vietnam,Asia,2006,99.66,4009.174211885977,13.330315314511807,86.66968468548819,0.030196413935189646,0.037768388758822186,0.04111350962148888,13.221237002196306,101.22684548136165,0.0041563552804291,0.898784408569336,1.9909751500199648,82.17
Vietnam,Asia,2007,101.43,4206.292507175425,14.91707244645309,85.08292755354691,0.0427233339904998,0.027775147961947893,0.06831100325262587,14.778262961248016,105.17093920693975,0.0042466390877962,0.9207883453369141,2.3074860781968543,83.63
Vietnam,Asia,2008,114.3,4351.962365819705,14.294306922002463,85.70569307799754,0.017224917950781973,0.023410267258651973,0.04603359189044909,14.207638144902578,125.28534055162316,0.004341191612184,0.9109905242919922,2.684629338549254,85.18
Vietnam,Asia,2009,124.49,4506.948753599106,16.297436975711747,83.70256302428825,0.04684628138086719,0.03527413173562363,0.0486429490108281,16.166673613584432,116.50249813732567,0.0044636619277298,0.9401914215087891,2.651419586761916,86.46
Vietnam,Asia,2010,139.56,4730.038964075619,17.73291616993511,82.26708383006489,0.042129355866046284,0.03089685510875732,0.05961752745177186,17.600272431508536,117.2025685952752,0.0045741386711597,0.9440841674804688,2.917523649855182,87.46
Vietnam,Asia,2011,152.56,4954.934576893434,19.372944052216198,80.6270559477838,0.022001351153638958,0.042662096461522955,0.08305841492400426,19.225222189677034,94.13540329118194,0.0046855835244059,0.956672821044922,2.158013749297125,88.47
Vietnam,Asia,2012,144.29,5166.845325727956,20.657264868505038,79.34273513149496,0.0330914331048859,0.04980821297271723,0.049123101527675926,20.525242120899758,94.85836836051688,0.0047924295067787,0.9476234436035156,1.7009246537782698,89.51
Vietnam,Asia,2013,151.46,5389.818888185822,21.30567967631808,78.69432032368192,0.05148185502908908,0.05063955329944466,0.055165894039564484,21.14839237394998,77.94253640908639,0.0049055973067879,0.9520501708984377,1.669997045008848,90.57
Vietnam,Asia,2014,180.05,5666.725897648617,19.217913345154074,80.78208665484593,0.021806589390695796,0.033614163197014026,0.09329017932717372,19.06920241323919,102.242885397412,0.0051136091351509,0.9562760925292967,2.228235878112758,91.68
Vietnam,Asia,2015,213.39,5987.9622702194865,16.924775826462607,83.07522417353739,0.03663098488900661,0.02257291884268206,0.04276002101147696,16.82281190171944,124.41840459257908,0.0052944188937544,0.9297119903564451,3.1111622859330126,92.82
Vietnam,Asia,2016,221.03,6308.573515585593,17.367833957164365,82.63216604283564,0.029382312960675117,0.03232255808536324,0.06431624928664718,17.24181283683168,120.08598328533132,0.0054588788188993,0.918602294921875,2.002034089038012,94.0
Vietnam,Asia,2017,227.69,6662.969768519021,19.52975463769431,80.47024536230569,0.04378241006316581,0.025099411931077724,0.07300111745131178,19.387871698248755,111.29967259281844,0.0056155263446271,0.9156208801269533,2.6415677130526634,95.18
Vietnam,Asia,2018,255.47,7081.467432514408,19.967403973318497,80.0325960266815,0.021794103308709775,0.055513258127254876,0.06926439623356496,19.820832215648966,115.03961001016565,0.0057937768287956,0.9349057006835938,2.3946080710265756,96.24
Vietnam,Asia,2019,339.31,7529.326976789973,17.090571513268728,82.90942848673127,0.04688069573725474,0.028913058468405025,0.06723833736246447,16.947539421700604,117.37316612339659,0.005995160434395,0.9376216888427734,2.62931981854319,97.17
Vietnam,Asia,2020,362.6,7673.692798654263,16.912025612625868,83.08797438737413,0.04983936637329966,0.02213648001494701,0.04548455764471754,16.794565208592907,128.09397617693472,0.0062020253390073,0.9183023834228515,2.5189052038401756,98.08
Vietnam,Asia,2021,314.2,7802.205995443417,20.071982065823505,79.9280179341765,0.058966579936359384,0.021093556026710734,0.07342304551346372,19.91849888434697,127.00747765972547,0.0063845799304544,0.9474402618408204,2.2793898535177095,98.94
Vietnam,Asia,2022,322.65,8364.751422241843,17.693818550383256,82.30618144961674,0.04422222552402675,0.040547946787840405,0.05514313524369873,17.55390524282769,105.58102433759062,0.0065718200057744,0.9422655487060548,2.41455822322185,99.68
Vietnam,Asia,2023,347.4,,13.168421268894463,86.83157873110554,0.016594482091547916,0.029942417315652888,0.0524761821816853,13.069408187305577,130.15610631833604,0.0067696021869778,0.9450994873046876,2.7788270092250635,100.35
